alias,positive_emotion_all_lemma_count_Shannons,positive_emotion_unique_count_Shannons,unique positive emotion lemmas_Shannons,positive_diversity_lem,negative_emotion_all_lemma_count_Shannons,negative_emotion_unique_count_Shannons,unique negative emotion lemmas_Shannons,negative_diversity_lem,connectionId,posemo_person_avg,negemo_person_avg,Mental_mean
 !vmzz zwoh,870,71,"['content', 'focussen', 'gelukkig', 'gemak', 'amusant', 'gezellig', 'opgelucht', 'verrassing', 'vrij', 'plezier', 'interessant', 'boeien', 'gerust', 'kalm', 'lekker', 'relaxed', 'benieuwd', 'goed', 'relaxerend', 'interesse', 'leuk', 'behulpzaam', 'geïnteresseerd', 'fijn', 'ontspanning', 'grappig', 'gezelschap', 'wakker', 'blij', 'focus', 'normaal', 'actief', 'prima', 'ontspannen', 'ça_va', 'amuseren', 'hopen', 'hoop', 'motivatie', 'concentreren', 'prettig', 'optimistisch', 'zeker', 'top', 'rust', 'uit_rusten', 'aangenaam', 'tof', 'positief', 'optimisme', 'veilig', 'verband', 'concentratie', 'ontspannend', 'feliciteren', 'plezant', 'spannend', 'oké', 'relaxen', 'rustig', 'gerust_stelling', 'capabel', 'tevreden', 'uit_kijken', 'nieuwsgierig', 'cool', 'geluk', 'productief', 'enthousiast', 'indrukwekkend', 'zin']",2.911524265,230,46,"['moeizaam', 'stresserend', 'stresseren', 'verveling', 'aan_doen', 'falen', 'pijn', 'stress', 'vermoeidheid', 'vervelend', 'nerveus', 'verliezen', 'saai', 'missen', 'erg', 'raken', 'twijfel', 'ziek', 'heftig', 'vervelen', 'zenuwachtigheid', 'moe', 'sluiten', 'ernstig', 'vermoeiend', 'supporteren', 'drukken', 'last', 'zenuwachtig', 'verlaten', 'betwijfelen', 'lastig', 'oninteressant', 'bemoeien', 'onverwacht', 'boos', 'bezorgen', 'spijtig', 'woest', 'slecht', 'spanning', 'minderen', 'irriteren', 'schrik', 'onzekerheid', 'vermoeid']",2.995935661,183985,4.019492386,1.338324873,20.33333333
!aeby cydt,1027,57,"['fun', 'energiek', 'gelukkig', 'gemak', 'moed', 'gezellig', 'warm', 'vrij', 'plezier', 'interessant', 'gerust', 'rustgevend', 'lekker', 'goed', 'leuk', 'gezond', 'fijn', 'ontspanning', 'op_warmen', 'energie', 'gezelschap', 'wakker', 'blij', 'normaal', 'prima', 'ontspannen', 'chillen', 'ça_va', 'verbazen', 'amuseren', 'voorzichtig', 'hopen', 'hoop', 'zeker', 'genieten', 'rust', 'energievol', 'uit_rusten', 'lustig', 'moeien', 'aangenaam', 'tof', 'positief', 'concentratie', 'ontspannend', 'bon', 'goed_gezind', 'deugd', 'plezant', 'spannend', 'oké', 'rustig', 'vriendelijk', 'power', 'uit_kijken', 'zen', 'zin']",2.654537052,192,49,"['pittig', 'moeizaam', 'stresserend', 'slecht_gezind', 'aan_doen', 'bang', 'gek', 'ongeluk', 'vrezen', 'verschrikkelijk', 'stress', 'vermoeidheid', 'vervelend', 'beu', 'verliezen', 'saai', 'kapot', 'op_draaien', 'erg', 'raken', 'onrustig', 'ziek', 'heftig', 'vervelen', 'moe', 'sluiten', 'vermoeiend', 'honger', 'last', 'uit_kloppen', 'twijfelen', 'verlaten', 'lastig', 'smerig', 'af_wisselen', 'boos', 'schuldig', 'ambetant', 'kwaad', 'spannen', 'blesseren', 'slecht', 'rommelig', 'spanning', 'forceren', 'absurd', 'verslag', 'reserveren', 'vermoeid']",3.091656772,231022,2.828964143,0.491075697,18.66666667
!akzm nrbp,693,70,"['focussen', 'gelukkig', 'gemak', 'moed', 'veiligheid', 'gezellig', 'warm', 'vieren', 'vrij', 'interessant', 'boeien', 'kalm', 'lekker', 'surprise', 'chill', 'benieuwd', 'nuchter', 'goed', 'nice', 'interesse', 'leuk', 'voldoen', 'gezond', 'fijn', 'energie', 'grappig', 'wakker', 'good', 'blij', 'excited', 'verrassen', 'normaal', 'motiverend', 'ontspannen', 'kalmeren', 'lief', 'chillen', 'ça_va', 'hopen', 'hoop', 'concentreren', 'zeker', 'top', 'genieten', 'rust', 'sentimenteel', 'uit_rusten', 'aangenaam', 'tof', 'positief', 'veilig', 'trots', 'ontspannend', 'bon', 'duidelijkheid', 'goed_gezind', 'deugd', 'spannend', 'goesting', 'oké', 'comfort', 'relaxen', 'rustig', 'vriendelijk', 'prikkelen', 'boeiend', 'geluk', 'productief', 'indrukwekkend', 'zin']",3.15761217,183,68,"['pittig', 'depressief', 'numb', 'slecht_gezind', 'stressen', 'verveling', 'aan_doen', 'op_jagen', 'afleiding', 'bang', 'pijn', 'gek', 'zinloos', 'vrezen', 'stress', 'eenzaam', 'vervelend', 'hangry', 'gestresseerd', 'pissed', 'kut', 'verliezen', 'saai', 'awkward', 'missen', 'passief', 'kapot', 'boosheid', 'spijt', 'af_wijzen', 'ongerust', 'erg', 'raken', 'twijfel', 'bezorgdheid', 'ziek', 'heftig', 'moe', 'puzzelen', 'sluiten', 'haten', 'vermoeiend', 'honger', 'afstandelijk', 'hart_pijn', 'zenuwachtig', 'trauma', 'emotioneel', 'geïrriteerd', 'irritant', 'twijfelen', 'betwijfelen', 'onzeker', 'zot', 'breken', 'boos', 'schuldig', 'spijtig', 'demotiveren', 'af_wachten', 'pijnlijk', 'overweldigen', 'spannen', 'uit_sluiten', 'slecht', 'uit_dagen', 'onproductief', 'benauwd']",3.816221574,184111,3.381146789,0.999357798,17.5
!azkg emme,1149,83,"['content', 'fun', 'focussen', 'gelukkig', 'moed', 'verleiden', 'gezellig', 'warm', 'vrij', 'plezier', 'interessant', 'boeien', 'gerust', 'kalm', 'lekker', 'surprise', 'chill', 'zalig', 'goed', 'nice', 'interesse', 'leuk', 'betrekken', 'gezond', 'vertrouwen', 'zekerheid', 'geïnteresseerd', 'fijn', 'ontspanning', 'energie', 'opgewekt', 'passie', 'wakker', 'good', 'blij', 'excited', 'focus', 'normaal', 'begrijpelijk', 'actief', 'prima', 'stimuleren', 'ontspannen', 'lief', 'chillen', 'amuseren', 'alright', 'dankbaar', 'hopen', 'hoop', 'motivatie', 'concentreren', 'prettig', 'interesseren', 'optimistisch', 'zeker', 'love', 'genieten', 'rust', 'uit_rusten', 'comfortabel', 'respect', 'tof', 'positief', 'veilig', 'trots', 'fantastisch', 'motiveren', 'warmte', 'spannend', 'oké', 'subliem', 'rustig', 'uit_kijken', 'cool', 'geluk', 'sympathiek', 'verbinding', 'productief', 'verliefd', 'opluchting', 'zin', 'zelfvertrouwen']",2.959568941,453,93,"['depressief', 'jaloers', 'stressen', 'verwarrend', 'triest', 'aan_doen', 'falen', 'angst', 'verdriet', 'introvert', 'afleiding', 'bang', 'pijn', 'boring', 'gek', 'wantrouwen', 'negatief', 'ongeluk', 'hyperactief', 'agressief', 'stress', 'eenzaam', 'asociaal', 'vervelend', 'vechten', 'pissed', 'kut', 'verliezen', 'saai', 'zielig', 'draaierig', 'negeren', 'missen', 'down', 'kapot', 'faal_angst', 'hongerig', 'wraak', 'erg', 'raken', 'storen', 'sarcastisch', 'burn-out', 'ziek', 'vervelen', 'nutteloos', 'moe', 'hekel', 'lijden', 'pessimistisch', 'ergeren', 'haten', 'honger', 'supporteren', 'drukken', 'hopeloos', 'op_fokken', 'haat', 'trauma', 'emotioneel', 'irritant', 'twijfelen', 'onverschillig', 'kut_gevoel', 'lastig', 'onzeker', 'angstig', 'zot', 'ongeduldig', 'krap', 'conflict', 'gruwelijk', 'boos', 'schuldig', 'duizelig', 'spijtig', 'verslaan', 'kwaad', 'onnuttig', 'pijnlijk', 'af_leiden', 'slecht', 'spanning', 'forceren', 'crazy', 'hatelijk', 'wanhoop', 'absurd', 'doodop', 'woede', 'arrogant', 'pissig', 'schrik']",3.56971342,231876,2.171210938,0.928359375,21.16666667
!beby pzaf,987,61,"['gelukkig', 'vertrouwd', 'verbinden', 'gezellig', 'warm', 'vieren', 'vrij', 'interessant', 'lekker', 'overtuigen', 'benieuwd', 'goed', 'nice', 'leuk', 'vertrouwen', 'fijn', 'energie', 'grappig', 'wakker', 'blij', 'verrassen', 'normaal', 'ontspannen', 'lief', 'op_pompen', 'chillen', 'ça_va', 'amuseren', 'dankbaar', 'bevestigen', 'hopen', 'hoop', 'motivatie', 'concentreren', 'zeker', 'genieten', 'uit_rusten', 'aangenaam', 'tof', 'positief', 'trots', 'attractie', 'ontspannend', 'bon', 'motiveren', 'warmte', 'deugd', 'plezant', 'spannend', 'oké', 'relaxen', 'nostalgie', 'rustig', 'vriendelijk', 'geweldig', 'tevreden', 'cool', 'geluk', 'productief', 'zen', 'zin']",2.857432835,478,77,"['machteloos', 'rot', 'stresserend', 'slecht_gezind', 'jaloers', 'stressen', 'ongelukkig', 'angst', 'bang', 'pijn', 'gek', 'confronteren', 'ongeluk', 'schrikken', 'triestig', 'verschrikkelijk', 'stress', 'medelijden', 'vervelend', 'vechten', 'dwingen', 'gestresseerd', 'pissed', 'kut', 'verliezen', 'saai', 'teleur_stellen', 'beangstigen', 'missen', 'bad', 'down', 'slaperig', 'spijt', 'achter_laten', 'ongerust', 'op_draaien', 'erg', 'storen', 'belachelijk', 'ziek', 'frustreren', 'heftig', 'nutteloos', 'moe', 'sluiten', 'lijden', 'overdrijven', 'vermoeiend', 'honger', 'supporteren', 'hysterisch', 'last', 'zenuwachtig', 'emotioneel', 'geïrriteerd', 'irritant', 'isoleren', 'war', 'onzeker', 'lui', 'stressed', 'boos', 'schuldig', 'bezorgen', 'eng', 'ambetant', 'kwaad', 'demotiveren', 'kwetsen', 'af_leiden', 'slecht', 'minderen', 'doodop', 'onnozel', 'irriteren', 'schrik', 'frustrerend']",3.255028361,179202,3.833869732,1.689386973,23.8
!bpzt myox,1112,97,"['fun', 'energiek', 'spontaan', 'gelukkig', 'gemak', 'moed', 'kracht', 'amusant', 'gezellig', 'warm', 'vieren', 'vrij', 'plezier', 'interessant', 'boeien', 'enthousiasme', 'gerust', 'lekker', 'chill', 'trotseren', 'overtuigen', 'zalig', 'benieuwd', 'goed', 'nice', 'interesse', 'leuk', 'fijn', 'ontspanning', 'op_warmen', 'engageren', 'energie', 'grappig', 'rationeel', 'opgewekt', 'wakker', 'inspireren', 'gereed', 'blij', 'verrassen', 'normaal', 'ontspannen', 'hoopvol', 'lief', 'chillen', 'ça_va', 'verbazen', 'fier', 'amuseren', 'dankbaar', 'beleven', 'bevestigen', 'hopen', 'hoop', 'comforting', 'interesseren', 'zeker', 'love', 'genieten', 'rust', 'sentimenteel', 'uit_rusten', 'empathie', 'respect', 'humor', 'uitbundig', 'aangenaam', 'tof', 'positief', 'veilig', 'gerust_stellen', 'trots', 'fantastisch', 'sympathie', 'ontspannend', 'bon', 'deugd', 'plezant', 'spannend', 'goesting', 'oké', 'charme', 'rustig', 'vriendelijk', 'heerlijk', 'geweldig', 'tevreden', 'neutraal', 'cool', 'joviaal', 'geluk', 'sympathiek', 'productief', 'verliefd', 'ambitie', 'enthousiast', 'zin']",3.249381169,285,96,"['moeizaam', 'schok', 'slecht_gezind', 'verveling', 'triest', 'groggy', 'aan_doen', 'onproductiviteit', 'angst', 'bang', 'pijn', 'gek', 'ongeluk', 'schrikken', 'gefrustreerd', 'verschrikkelijk', 'stress', 'vermoeidheid', 'asociaal', 'vervelend', 'hulpeloos', 'nerveus', 'beu', 'vechten', 'impulsief', 'verliezen', 'saai', 'teleur_stellen', 'zielig', 'negeren', 'missen', 'beschuldigen', 'frustratie', 'weg_gooien', 'humeurig', 'down', 'kapot', 'spijt', 'wreed', 'achter_laten', 'erg', 'heimwee', 'raken', 'inspanning', 'compliceren', 'storen', 'onrustig', 'ziek', 'frustreren', 'heftig', 'vervelen', 'nutteloos', 'moe', 'sluiten', 'lijden', 'haten', 'overdrijven', 'vermoeiend', 'honger', 'doodsmoe', 'drukken', 'last', 'emotioneel', 'geïrriteerd', 'schuld_gevoel', 'dwaas', 'kwalijk', 'lastig', 'angstig', 'zot', 'onverwacht', 'ongeduldig', 'lui', 'boos', 'ambetant', 'spijtig', 'ruw', 'woelig', 'kwaad', 'af_wachten', 'uitdaging', 'pijnlijk', 'woest', 'spannen', 'schuld', 'slecht', 'koppig', 'spanning', 'onduidelijkheid', 'onproductief', 'schade', 'onnozel', 'bitter', 'irriteren', 'schrik', 'beschadigen']",3.778990028,222454,2.947008547,0.848632479,20.5
!cdnf cbfq,671,91,"['content', 'spontaan', 'gelukkig', 'gemak', 'moed', 'steunen', 'kracht', 'gezellig', 'warm', 'vieren', 'vrij', 'hilarisch', 'interessant', 'gerust', 'kalm', 'ontstressen', 'lekker', 'chill', 'op_wekken', 'overtuigen', 'zalig', 'benieuwd', 'nuchter', 'goed', 'leuk', 'vertrouwen', 'fijn', 'ontspanning', 'op_warmen', 'energie', 'grappig', 'passie', 'wakker', 'good', 'blij', 'focus', 'normaal', 'actief', 'ontspannen', 'kalmeren', 'hoopvol', 'lief', 'happiness', 'ça_va', 'amuseren', 'dankbaar', 'bevestigen', 'voorzichtig', 'liefde', 'hopen', 'hoop', 'happy', 'troost', 'interesseren', 'zeker', 'top', 'love', 'genieten', 'rust', 'uit_rusten', 'geestig', 'sukkelen', 'aangenaam', 'tof', 'positief', 'verband', 'trots', 'vermaak', 'lust', 'bon', 'joy', 'curieus', 'motiveren', 'warmte', 'deugd', 'plezant', 'spannend', 'goesting', 'oké', 'nostalgie', 'rustig', 'vriendelijk', 'heerlijk', 'geweldig', 'tevreden', 'uit_kijken', 'geluk', 'verliefd', 'enthousiast', 'sexy', 'zin']",3.578037777,313,88,"['versleten', 'pittig', 'chaotisch', 'paniekerig', 'jaloers', 'stresseren', 'aan_doen', 'bang', 'pijn', 'gek', 'confronteren', 'negatief', 'horror', 'triestig', 'vrezen', 'verschrikkelijk', 'stress', 'ontgoocheld', 'maf', 'asociaal', 'vervelend', 'nerveus', 'beu', 'verliezen', 'miserie', 'missen', 'frustratie', 'weg_gooien', 'down', 'kapot', 'enerveren', 'honger_gevoel', 'spijt', 'piekeren', 'wreed', 'ongerust', 'erg', 'raken', 'twijfel', 'storen', 'belachelijk', 'negativiteit', 'burn-out', 'ziek', 'frustreren', 'heftig', 'vervelen', 'nutteloos', 'deprimeren', 'jaloezie', 'moe', 'jagen', 'sluiten', 'ergeren', 'vermoeiend', 'laf', 'honger', 'drukken', 'last', 'zenuwachtig', 'emotioneel', 'twijfelen', 'respectloos', 'verkrampen', 'panikeren', 'lastig', 'angstig', 'zot', 'lazy', 'onverwacht', 'af_wisselen', 'schuldig', 'bezorgen', 'ambetant', 'spijtig', 'kwaad', 'nervositeit', 'af_wachten', 'verwaarlozen', 'slecht', 'spanning', 'paniek', 'verlangen', 'depressie', 'onnozel', 'belasten', 'irriteren', 'frustrerend']",3.835813999,180588,1.868173516,0.980228311,18.25
!cfoo nsyb,545,26,"['gelukkig', 'gemak', 'gezellig', 'warm', 'vrij', 'interessant', 'lekker', 'goed', 'leuk', 'fijn', 'wakker', 'blij', 'ontspannen', 'chillen', 'ça_va', 'hopen', 'concentreren', 'uit_rusten', 'tof', 'motiveren', 'deugd', 'plezant', 'oké', 'rustig', 'geweldig', 'zin']",2.129226008,108,19,"['afleiding', 'stress', 'eenzaam', 'vervelend', 'miserie', 'kapot', 'spijt', 'stressvol', 'storen', 'ziek', 'frustreren', 'vervelen', 'moe', 'vermoeiend', 'lastig', 'boos', 'ambetant', 'slecht', 'frustrerend']",1.583824335,237111,8.266990291,0.615679612,23.5
!cnxa ybfd,953,109,"['content', 'energiek', 'bevrijden', 'gelukkig', 'gemak', 'moed', 'ontluchten', 'gemoedelijk', 'gezellig', 'warm', 'verbindend', 'vrij', 'plezier', 'boeien', 'enthousiasme', 'gerust', 'rustgevend', 'lekker', 'chill', 'relaxed', 'overtuigen', 'zalig', 'benieuwd', 'fascineren', 'goed', 'begripvol', 'nice', 'interesse', 'leuk', 'veelbelovend', 'behulpzaam', 'betrekken', 'voldoen', 'vertrouwen', 'fijn', 'ontspanning', 'op_warmen', 'energie', 'grappig', 'wakker', 'luimen', 'inspireren', 'anticiperen', 'blij', 'normaal', 'begrijpelijk', 'actief', 'prima', 'stimuleren', 'ontspannen', 'kalmeren', 'lief', 'op_pompen', 'chillen', 'ça_va', 'verbazen', 'amuseren', 'dankbaar', 'beleven', 'hopen', 'hoop', 'motivatie', 'happy', 'concentreren', 'appreciëren', 'interesseren', 'zeker', 'genieten', 'vrolijk', 'rust', 'uit_rusten', 'moeien', 'aangenaam', 'hyper', 'tof', 'positief', 'welzijn', 'veilig', 'gerust_stellen', 'verband', 'fantastisch', 'attractie', 'accepteren', 'ontspannend', 'bon', 'motiveren', 'goed_gezind', 'deugd', 'plezant', 'spannend', 'vrijheid', 'goesting', 'oké', 'comfort', 'pret', 'rustig', 'gerust_stelling', 'vriendelijk', 'heerlijk', 'geweldig', 'tevreden', 'bevredigen', 'neutraal', 'geluk', 'sympathiek', 'productief', 'enthousiast', 'opluchting', 'zin']",3.495984144,388,117,"['gevoelsmatig', 'pittig', 'machteloos', 'overwerken', 'moeizaam', 'chaotisch', 'stresserend', 'slecht_gezind', 'stresseren', 'verwarrend', 'groggy', 'falen', 'knagen', 'op_jagen', 'suffen', 'afleiding', 'bang', 'pijn', 'gek', 'neerslachtig', 'negatief', 'degouteren', 'moedeloos', 'triestig', 'afkeer', 'stress', 'verdrietig', 'medelijden', 'vermoeidheid', 'eenzaam', 'vervelend', 'hangerig', 'beu', 'gestresseerd', 'impulsief', 'kut', 'verliezen', 'ergerlijk', 'vreselijk', 'saai', 'zielig', 'waanzinnig', 'missen', 'passief', 'frustratie', 'bad', 'suf', 'down', 'kapot', 'spijt', 'griezelig', 'gevoelig', 'tegenzin', 'achter_laten', 'choqueren', 'ontevreden', 'erg', 'raken', 'twijfel', 'inspanning', 'storen', 'belachelijk', 'negativiteit', 'ziek', 'frustreren', 'vervelen', 'nutteloos', 'moe', 'puzzelen', 'sluiten', 'ernstig', 'ergeren', 'haten', 'overdrijven', 'vermoeiend', 'dramatisch', 'honger', 'last', 'ongemotiveerd', 'op_fokken', 'droevig', 'zenuwachtig', 'emotioneel', 'irritant', 'twijfelen', 'kwalijk', 'lastig', 'zot', 'onverwacht', 'ongeduldig', 'breken', 'conflict', 'gruwelijk', 'demotiverend', 'gênant', 'boos', 'bezorgen', 'ambetant', 'onaangenaam', 'shockeren', 'kwaad', 'af_wachten', 'pijnlijk', 'spannen', 'schuld', 'af_leiden', 'slecht', 'spanning', 'onproductief', 'absurd', 'onnozel', 'verslag', 'reserveren', 'pissig', 'schrik', 'frustrerend', 'onzekerheid']",4.072406005,181842,2.823639706,0.893823529,23.4
!crxr gzux,516,53,"['fun', 'energiek', 'focussen', 'gelukkig', 'tam', 'drijven', 'warm', 'vrij', 'kalm', 'chill', 'relaxed', 'goed', 'interesse', 'leuk', 'gezond', 'vertrouwen', 'fijn', 'ontspanning', 'energie', 'wakker', 'luimen', 'blij', 'focus', 'normaal', 'begrijpelijk', 'actief', 'ontspannen', 'chillen', 'amuseren', 'hopen', 'appreciëren', 'rust', 'uit_rusten', 'comfortabel', 'aangenaam', 'hyper', 'goed_luimen', 'positief', 'verband', 'accepteren', 'ontspannend', 'motiveren', 'nostalgisch', 'deugd', 'oké', 'relaxen', 'rustig', 'ongestoord', 'geweldig', 'tevreden', 'productief', 'enthousiast', 'zin']",3.104323623,255,65,"['onwennig', 'stresserend', 'moeheid', 'stresseren', 'verwarrend', 'op_jagen', 'pijn', 'confronteren', 'negatief', 'miserabel', 'vrezen', 'oncomfortabel', 'stress', 'vermoeidheid', 'nerveus', 'beu', 'dwingen', 'misselijkheid', 'wazig', 'verliezen', 'saai', 'teleur_stellen', 'passief', 'frustratie', 'humeurig', 'down', 'slaperig', 'gevoelig', 'tegenzin', 'ongerust', 'wraak', 'erg', 'futloos', 'raken', 'inspanning', 'storen', 'ziek', 'frustreren', 'vervelen', 'nutteloos', 'deprimeren', 'moe', 'jagen', 'sluiten', 'vermoeiend', 'last', 'zenuwachtig', 'isoleren', 'war', 'onzeker', 'onverwacht', 'ongeduldig', 'lui', 'af_wisselen', 'onaangenaam', 'gehumeurd', 'uitdaging', 'pijnlijk', 'overweldigen', 'spannen', 'schuld', 'slecht', 'spanning', 'irriteren', 'frustrerend']",3.528086031,181020,3.959704797,1.915276753,22
!dcxf mnzu,887,66,"['focussen', 'gelukkig', 'vertrouwd', 'gemak', 'moed', 'steunen', 'gezellig', 'warm', 'vieren', 'plezier', 'interessant', 'verzadigen', 'gerust', 'op_peppen', 'kalm', 'lekker', 'chill', 'relaxed', 'benieuwd', 'goed', 'interesse', 'leuk', 'voldoen', 'gezond', 'ontspanning', 'energie', 'grappig', 'wakker', 'anticiperen', 'blij', 'excited', 'normaal', 'actief', 'ontspannen', 'hoopvol', 'chillen', 'ça_va', 'hopen', 'hoop', 'motivatie', 'concentreren', 'zeker', 'genieten', 'vrolijk', 'rust', 'energievol', 'uit_rusten', 'aangenaam', 'tof', 'positief', 'trots', 'concentratie', 'geruststellend', 'motiveren', 'deugd', 'spannend', 'oké', 'relaxen', 'rustig', 'power', 'tevreden', 'uit_kijken', 'neutraal', 'productief', 'opluchting', 'zin']",3.099451675,350,69,"['pittig', 'aan_doen', 'triggeren', 'afleiding', 'bang', 'pijn', 'gek', 'neerslachtig', 'negatief', 'kwetsbaar', 'vrezen', 'stress', 'verdrietig', 'gemeen', 'eenzaam', 'vervelend', 'hulpeloos', 'hangry', 'beu', 'gestresseerd', 'kut', 'wazig', 'verliezen', 'vreselijk', 'saai', 'awkward', 'missen', 'bad', 'down', 'piekeren', 'tegenzin', 'hongerig', 'erg', 'stressvol', 'raken', 'twijfel', 'storen', 'belachelijk', 'ziek', 'frustreren', 'heftig', 'deprimeren', 'moe', 'sluiten', 'vermoeiend', 'sad', 'honger', 'drukken', 'last', 'geïrriteerd', 'irritant', 'onbeleefd', 'schuld_gevoel', 'deprimerend', 'war', 'onzeker', 'onverwacht', 'lui', 'boos', 'irritatie', 'af_wachten', 'slecht', 'spanning', 'forceren', 'onproductief', 'irriteren', 'schrik', 'frustrerend', 'onzekerheid']",3.199983475,192391,3.548587361,1.245873606,17.33333333
!dhod jqer,583,70,"['content', 'fun', 'energiek', 'focussen', 'gelukkig', 'gemak', 'moed', 'gezellig', 'warm', 'vieren', 'verrassing', 'vrij', 'plezier', 'interessant', 'gerust', 'kalm', 'lekker', 'chill', 'zalig', 'benieuwd', 'goed', 'nice', 'leuk', 'fijn', 'ontspanning', 'op_warmen', 'viering', 'energie', 'grappig', 'wakker', 'inspireren', 'blij', 'excited', 'normaal', 'krachtig', 'prima', 'ontspannen', 'lief', 'chillen', 'ça_va', 'amuseren', 'activeren', 'hopen', 'aanmoediging', 'happy', 'concentreren', 'zeker', 'top', 'genieten', 'rust', 'aangenaam', 'tof', 'verwelkomen', 'veilig', 'verband', 'ontspannend', 'bon', 'motiveren', 'deugd', 'plezant', 'spannend', 'oké', 'rustig', 'vriendelijk', 'heerlijk', 'tevreden', 'uit_kijken', 'productief', 'verliefd', 'zin']",3.231203391,123,44,"['rot', 'breinloos', 'aan_doen', 'pijn', 'gek', 'vrezen', 'verschrikkelijk', 'stress', 'in_trekken', 'verliezen', 'saai', 'teleur_stellen', 'negeren', 'missen', 'gevoelig', 'erg', 'terreur', 'raken', 'storen', 'ziek', 'frustreren', 'heftig', 'moe', 'lijden', 'overdrijven', 'vermoeiend', 'honger', 'drukken', 'last', 'op_fokken', 'emotioneel', 'twijfelen', 'lastig', 'onzeker', 'onverwacht', 'boos', 'shockeren', 'kwaad', 'uitdaging', 'slecht', 'spanning', 'onduidelijkheid', 'verlangen', 'schrik']",3.081058494,183742,2.242708333,0.456458333,20.66666667
!djox psjc,350,57,"['content', 'gelukkig', 'respecteren', 'gezellig', 'warm', 'vieren', 'vrij', 'plezier', 'interessant', 'boeien', 'gerust', 'lekker', 'relaxed', 'goed', 'leuk', 'voldoen', 'hartverwarmend', 'vertrouwen', 'fijn', 'ontspanning', 'energie', 'grappig', 'wakker', 'blij', 'normaal', 'prima', 'ontspannen', 'lief', 'chillen', 'dankbaar', 'levendig', 'hopen', 'happy', 'zeker', 'genieten', 'rust', 'na_genieten', 'uit_rusten', 'aangenaam', 'tof', 'positief', 'veilig', 'gerust_stellen', 'trots', 'geruststellend', 'ondersteunen', 'warmte', 'deugd', 'plezant', 'spannend', 'oké', 'rustig', 'heerlijk', 'verrijken', 'uit_kijken', 'productief', 'zin']",3.240437546,94,41,"['falen', 'afleiding', 'bang', 'pijn', 'gek', 'confronteren', 'ongeluk', 'schrikken', 'stress', 'vervelend', 'nerveus', 'teleur_stellen', 'wisselvallig', 'suf', 'piekeren', 'achter_laten', 'ongerust', 'erg', 'raken', 'twijfel', 'frustreren', 'heftig', 'moe', 'drukken', 'zenuwachtig', 'suïcidaal', 'war', 'lastig', 'onzeker', 'zot', 'boos', 'schuldig', 'bezorgen', 'onduidelijk', 'kwaad', 'af_wachten', 'overweldigen', 'naïef', 'slecht', 'spanning', 'frustrerend']",3.067704827,199141,3.832183099,1.261056338,22.2
!dnjs bydg,750,70,"['spontaan', 'focussen', 'gelukkig', 'steunen', 'kracht', 'warm', 'vieren', 'verrassing', 'vrij', 'plezier', 'interessant', 'boeien', 'rustgevend', 'lekker', 'chill', 'overtuigen', 'benieuwd', 'goed', 'leuk', 'behulpzaam', 'voldoen', 'gezond', 'aantrekkelijk', 'fijn', 'op_warmen', 'energie', 'grappig', 'rationeel', 'opgewekt', 'passie', 'relativeren', 'wakker', 'good', 'blij', 'excited', 'normaal', 'chilling', 'actief', 'ontspannen', 'kalmeren', 'lief', 'chillen', 'ça_va', 'amuseren', 'alright', 'hopen', 'hoop', 'zeker', 'love', 'uit_rusten', 'respect', 'aangenaam', 'tof', 'vrede', 'gerust_stellen', 'trots', 'concentratie', 'fine', 'bon', 'spannend', 'oké', 'rustig', 'geweldig', 'prikkelen', 'neutraal', 'cool', 'beter_gezind', 'geluk', 'productief', 'zin']",2.902020897,384,82,"['rot', 'stresserend', 'stresseren', 'stressen', 'aan_doen', 'angst', 'verdriet', 'verraden', 'bang', 'pijn', 'negatief', 'ongeluk', 'triestig', 'vrezen', 'verschrikkelijk', 'agressief', 'stress', 'verdrietig', 'verbreken', 'eenzaam', 'breakdown', 'nerveus', 'beu', 'vechten', 'gestresseerd', 'kut', 'saai', 'teleur_stellen', 'negeren', 'missen', 'frustratie', 'kapot', 'spijt', 'achter_laten', 'erg', 'raken', 'twijfel', 'prikkelbaar', 'storen', 'ziek', 'frustreren', 'heftig', 'vervelen', 'moe', 'sluiten', 'haten', 'vermoeiend', 'verlating_angst', 'honger', 'last', 'haat', 'zenuwachtig', 'emotioneel', 'irritant', 'twijfelen', 'verlaten', 'stroef', 'lastig', 'angstig', 'gevoelloos', 'teleur', 'onverwacht', 'lui', 'breken', 'over_slaan', 'conflict', 'gênant', 'boos', 'schuldig', 'eng', 'spijtig', 'af_wachten', 'kwetsen', 'af_leiden', 'slecht', 'spanning', 'minderen', 'paniek', 'doodop', 'schrik', 'frustrerend', 'onzekerheid']",3.511868024,183838,3.184508929,1.48375,22
!efaw vzsg,963,49,"['energiek', 'focussen', 'gelukkig', 'gemak', 'moed', 'kracht', 'gezellig', 'warm', 'vieren', 'vrij', 'interessant', 'gerust', 'kalm', 'relaxed', 'goed', 'leuk', 'voldoen', 'fijn', 'ontspanning', 'energie', 'wakker', 'blij', 'focus', 'normaal', 'ontspannen', 'amuseren', 'dankbaar', 'hopen', 'motivatie', 'concentreren', 'zeker', 'genieten', 'rust', 'uit_rusten', 'tof', 'positief', 'gerust_stellen', 'trots', 'geruststellend', 'energy', 'motiveren', 'goed_gezind', 'oké', 'relaxen', 'rustig', 'uit_kijken', 'neutraal', 'enthousiast', 'zin']",2.942819501,517,46,"['slecht_gezind', 'stressen', 'ongelukkig', 'aan_doen', 'angst', 'op_jagen', 'bang', 'pijn', 'negatief', 'stress', 'verdrietig', 'eenzaam', 'gestresseerd', 'verliezen', 'saai', 'teleur_stellen', 'missen', 'down', 'slaperig', 'faal_angst', 'erg', 'futloos', 'raken', 'prikkelbaar', 'ziek', 'frustreren', 'vervelen', 'moe', 'honger', 'verminderen', 'zenuwachtig', 'panikeren', 'angstig', 'ongeduldig', 'lui', 'rusteloos', 'boos', 'schuldig', 'bezorgen', 'duizelig', 'low', 'demotiveren', 'spannen', 'slecht', 'spanning', 'irriteren']",2.870673694,192247,3.515043478,1.315043478,15.16666667
!eoqp uuwy,485,45,"['energiek', 'gelukkig', 'gemak', 'gezellig', 'warm', 'vrij', 'gerust', 'lekker', 'benieuwd', 'goed', 'leuk', 'gezond', 'vertrouwen', 'fijn', 'ontspanning', 'energie', 'wakker', 'blij', 'ontspannen', 'lief', 'chillen', 'ça_va', 'amuseren', 'hopen', 'hoop', 'motivatie', 'happy', 'zeker', 'top', 'genieten', 'rust', 'uit_rusten', 'aangenaam', 'positief', 'gerust_stellen', 'motiveren', 'spannend', 'oké', 'relaxen', 'rustig', 'gerust_stelling', 'tevreden', 'geluk', 'productief', 'zin']",2.859156852,212,39,"['stresserend', 'stresseren', 'stressen', 'aan_doen', 'stress_gevoel', 'bang', 'confronteren', 'negatief', 'triestig', 'stress', 'verdrietig', 'vermoeidheid', 'nerveus', 'beu', 'gestresseerd', 'teleur_stellen', 'bad', 'kapot', 'erg', 'raken', 'twijfel', 'onrustig', 'ziek', 'frustreren', 'moe', 'honger', 'verminderen', 'zenuwachtig', 'war', 'onzeker', 'beschaamd', 'boos', 'schuldig', 'ambetant', 'spijtig', 'af_leiden', 'slecht', 'minderen', 'schrik']",2.789636965,192115,5.418617886,1.433373984,16.83333333
!esdx yybj ,767,67,"['content', 'energiek', 'focussen', 'gelukkig', 'gemak', 'moed', 'gezellig', 'warm', 'vrij', 'plezier', 'interessant', 'boeien', 'luchtig', 'kalm', 'romantisch', 'lekker', 'relaxed', 'zalig', 'goed', 'leuk', 'gezelligheid', 'betrekken', 'gezond', 'fijn', 'energie', 'passie', 'gezelschap', 'wakker', 'blij', 'actief', 'ontspannen', 'lief', 'amuseren', 'beleven', 'hopen', 'dromerig', 'motivatie', 'concentreren', 'appreciëren', 'zeker', 'positiviteit', 'top', 'genieten', 'vrolijk', 'rust', 'energievol', 'na_genieten', 'uit_rusten', 'aangenaam', 'tof', 'positief', 'gerust_stellen', 'trots', 'concentratie', 'ontspannend', 'motiveren', 'warmte', 'deugd', 'spannend', 'oké', 'rustig', 'tevreden', 'neutraal', 'productief', 'zen', 'opluchting', 'zin']",3.185242632,162,48,"['depressief', 'chaotisch', 'stresserend', 'slecht_gezind', 'stresseren', 'stressen', 'op_jagen', 'neerslachtig', 'ongezellig', 'triestig', 'vrezen', 'stress', 'vermoeidheid', 'asociaal', 'vechten', 'miserie', 'missen', 'frustratie', 'grieperig', 'bad', 'piekeren', 'erg', 'raken', 'onrustig', 'ziek', 'frustreren', 'heftig', 'deprimeren', 'moe', 'puzzelen', 'sluiten', 'vermoeiend', 'honger', 'op_fokken', 'kritiek', 'verlaten', 'ongeduldig', 'lui', 'apathisch', 'gênant', 'schuldig', 'gehumeurd', 'kwaad', 'slecht', 'spanning', 'depressie', 'doodop', 'vermoeid']",2.879174954,184975,7.129469697,1.012954545,23
!etvf ebds ,963,91,"['content', 'fun', 'energiek', 'gelukkig', 'gemak', 'gezellig', 'warm', 'seksueel', 'vrij', 'welverdiend', 'interessant', 'evenwicht', 'enthousiasme', 'gerust', 'empathisch', 'kalm', 'lekker', 'chill', 'relaxed', 'op_wekken', 'overtuigen', 'zalig', 'benieuwd', 'goed', 'nice', 'interesse', 'leuk', 'voldoen', 'gezond', 'vertrouwen', 'fijn', 'succesvol', 'energie', 'grappig', 'relativeren', 'wakker', 'blij', 'excited', 'verrassen', 'normaal', 'actief', 'prima', 'stabiel', 'kalmeren', 'lief', 'chillen', 'ça_va', 'verbazen', 'geliefd', 'fier', 'amuseren', 'dankbaar', 'viben', 'liefde', 'hopen', 'hoop', 'zeker', 'top', 'genieten', 'vrolijk', 'rust', 'uit_rusten', 'comfortabel', 'aangenaam', 'tof', 'gelukzalig', 'positief', 'verwelkomen', 'veilig', 'trots', 'fantastisch', 'accepteren', 'bon', 'amusement', 'curieus', 'warmte', 'goed_gezind', 'deugd', 'plezant', 'goesting', 'oké', 'pret', 'rustig', 'geweldig', 'prikkelen', 'tevreden', 'cool', 'geluk', 'productief', 'enthousiast', 'zin']",3.292039992,280,74,"['pittig', 'overwerken', 'schok', 'stresserend', 'stresseren', 'stressen', 'aan_doen', 'pijn', 'ongeluk', 'schrikken', 'vrezen', 'verschrikkelijk', 'stress', 'vermoeidheid', 'ellendig', 'eenzaam', 'maf', 'pech', 'nerveus', 'vechten', 'kut', 'vreselijk', 'saai', 'teleur_stellen', 'missen', 'frustratie', 'kapot', 'ongerust', 'hongerig', 'intimideren', 'op_draaien', 'erg', 'stressvol', 'raken', 'belachelijk', 'ziek', 'frustreren', 'heftig', 'vervelen', 'nutteloos', 'op_schrikken', 'moe', 'ernstig', 'teleur_stelling', 'overdrijven', 'vermoeiend', 'honger', 'drukken', 'last', 'op_fokken', 'zenuwachtig', 'irritant', 'verlaten', 'war', 'lastig', 'onzeker', 'zot', 'wroeging', 'boos', 'schuldig', 'eng', 'spijtig', 'kwaad', 'onnuttig', 'af_wachten', 'lastig_vallen', 'pijnlijk', 'overweldigen', 'schuld', 'af_leiden', 'slecht', 'absurd', 'onnozel', 'schrik']",3.450454886,180366,4.646839827,1.121125541,23.2
!eurz cufe,1052,70,"['content', 'energiek', 'spontaan', 'gelukkig', 'gemak', 'moed', 'steunen', 'gezellig', 'warm', 'vieren', 'seksueel', 'verrassing', 'vrij', 'plezier', 'interessant', 'enthousiasme', 'gerust', 'lekker', 'benieuwd', 'goed', 'interesse', 'leuk', 'voldoen', 'fijn', 'energie', 'wakker', 'blij', 'focus', 'normaal', 'actief', 'prima', 'ontspannen', 'stabiel', 'lief', 'ça_va', 'amuseren', 'voorzichtig', 'liefde', 'hopen', 'hoop', 'concentreren', 'appreciëren', 'interesseren', 'optimistisch', 'zeker', 'genieten', 'vrolijk', 'rust', 'uit_rusten', 'tof', 'positief', 'gerust_stellen', 'rusten', 'zelfstandigheid', 'bon', 'motiveren', 'goed_gezind', 'deugd', 'spannend', 'vrijheid', 'oké', 'rustig', 'vriendelijk', 'geweldig', 'vakantie_gevoel', 'uit_kijken', 'neutraal', 'productief', 'opluchting', 'zin']",3.003400256,359,71,"['stresserend', 'slecht_gezind', 'jaloers', 'stressen', 'ongelukkig', 'gêne', 'suffen', 'afleiding', 'pijn', 'negatief', 'gefrustreerd', 'stress', 'verdrietig', 'gemeen', 'in_trekken', 'vervelend', 'nerveus', 'beu', 'vechten', 'kut', 'verliezen', 'saai', 'teleur_stellen', 'missen', 'suf', 'down', 'slaperig', 'faal_angst', 'piekeren', 'gevoelig', 'achter_laten', 'af_wijzen', 'erg', 'raken', 'stress_moment', 'verwarren', 'ziek', 'frustreren', 'vervelen', 'moe', 'sluiten', 'teleur_stelling', 'vermoeiend', 'honger', 'last', 'zenuwachtig', 'emotioneel', 'irritant', 'verlaten', 'somber', 'onzeker', 'lui', 'krap', 'gênant', 'boos', 'schuldig', 'ambetant', 'spijtig', 'woelig', 'demotiveren', 'af_wachten', 'kwetsen', 'af_leiden', 'slecht', 'spanning', 'forceren', 'paniek', 'onnozel', 'irriteren', 'schrik', 'frustrerend']",3.584275412,179721,2.810161943,0.843643725,20.4
!fpve jfke,349,49,"['energiek', 'focussen', 'gelukkig', 'gemak', 'amusant', 'gezellig', 'warm', 'vrij', 'enthousiasme', 'overtuigen', 'benieuwd', 'goed', 'leuk', 'voldoen', 'gezond', 'fijn', 'energie', 'wakker', 'blij', 'excited', 'normaal', 'prima', 'ontspannen', 'ça_va', 'amuseren', 'hopen', 'zeker', 'top', 'genieten', 'rust', 'uit_rusten', 'sukkelen', 'tof', 'positief', 'trots', 'bon', 'warmte', 'deugd', 'spannend', 'goesting', 'oké', 'relaxen', 'rustig', 'vriendelijk', 'uit_kijken', 'productief', 'enthousiast', 'opluchting', 'zin']",2.917101526,153,55,"['pittig', 'shitty', 'onwennig', 'chaotisch', 'schok', 'slecht_gezind', 'moeheid', 'stresseren', 'stressen', 'triest', 'aan_doen', 'op_jagen', 'bang', 'schrikken', 'vrezen', 'stress', 'vervelend', 'beu', 'pissed', 'kut', 'saai', 'negeren', 'missen', 'frustratie', 'spijt', 'piekeren', 'ongerust', 'onrust', 'erg', 'stressvol', 'onrustig', 'ziek', 'frustreren', 'vervelen', 'nutteloos', 'moe', 'jagen', 'haten', 'overdrijven', 'vermoeiend', 'zenuwachtig', 'twijfelen', 'betwijfelen', 'lastig', 'boos', 'eng', 'overprikkelen', 'af_wachten', 'overweldigen', 'spannen', 'kwetsen', 'slecht', 'irriteren', 'schrik', 'frustrerend']",3.462753744,180444,3.968148148,1.461259259,22.5
!fqbj oohb,760,88,"['content', 'energiek', 'focussen', 'gelukkig', 'verbinden', 'gemak', 'waardevol', 'vreugde', 'moed', 'steunen', 'helder', 'verleiden', 'gezellig', 'drijven', 'energetisch', 'interessant', 'boeien', 'luchtig', 'verzadigen', 'gerust', 'rustgevend', 'kalm', 'lekker', 'chill', 'relaxed', 'overtuigen', 'benieuwd', 'goed', 'leuk', 'voldoen', 'gezond', 'vertrouwen', 'fijn', 'ontspanning', 'aandachtig', 'energie', 'relativeren', 'gezelschap', 'wakker', 'betekenisvol', 'blij', 'normaal', 'actief', 'ontspannen', 'vredig', 'chillen', 'herstellen', 'amuseren', 'dankbaar', 'bevestigen', 'hopen', 'hoop', 'concentreren', 'appreciëren', 'zeker', 'top', 'genieten', 'kalmte', 'euforie', 'rust', 'uit_rusten', 'aangenaam', 'tof', 'vrede', 'positief', 'trots', 'ontspannend', 'warmte', 'bedaren', 'deugdoend', 'deugd', 'spannend', 'oké', 'relaxen', 'rustig', 'heerlijk', 'prikkelen', 'tevreden', 'bevredigen', 'neutraal', 'geluk', 'verbinding', 'geconcentreerd', 'productief', 'zen', 'deugd_doend', 'zin', 'zelfvertrouwen']",3.319075478,152,66,"['pittig', 'onwennig', 'melancholie', 'stressen', 'ongelukkig', 'angst', 'verdriet', 'triggeren', 'op_jagen', 'bang', 'pijn', 'confronteren', 'negatief', 'defensief', 'stress', 'vermoeidheid', 'vervelend', 'nerveus', 'gestresseerd', 'wazig', 'teleur_stellen', 'awkward', 'frustratie', 'enerveren', 'piekeren', 'gevoelig', 'achter_laten', 'onrust', 'erg', 'raken', 'prikkelbaar', 'inspanning', 'onrustig', 'heftig', 'moe', 'teleur_stelling', 'ergeren', 'overdrijven', 'honger', 'supporteren', 'droevigheid', 'drukken', 'last', 'emotioneel', 'twijfelen', 'somber', 'verstoren', 'lastig', 'onzeker', 'onverwacht', 'rusteloos', 'boos', 'schuldig', 'bezorgen', 'overprikkelen', 'onaangenaam', 'nervositeit', 'uitdaging', 'overweldigen', 'spannen', 'kwaadheid', 'slecht', 'spanning', 'uit_dagen', 'verlangen', 'wrevel']",3.73014022,184534,6.17245,1.1476,23.83333333
!ggfbaaux,542,112,"['energiek', 'spontaan', 'bevrijden', 'focussen', 'gelukkig', 'vertrouwd', 'verbinden', 'gemak', 'waardevol', 'gemoedelijk', 'kracht', 'respectvol', 'gezellig', 'drijven', 'warm', 'verrassing', 'vrij', 'plezier', 'interessant', 'boeien', 'inspirerend', 'evenwicht', 'enthousiasme', 'rustgevend', 'kalm', 'lekker', 'op_wekken', 'overtuigen', 'zalig', 'benieuwd', 'goed', 'interesse', 'leuk', 'veelbelovend', 'gezelligheid', 'betrekken', 'fascinerend', 'voldoen', 'gezond', 'fijn', 'ontspanning', 'engageren', 'energie', 'grappig', 'opgewekt', 'wonderlijk', 'passie', 'relativeren', 'gezelschap', 'wakker', 'inspireren', 'blij', 'verrassen', 'normaal', 'actief', 'prima', 'ontspannen', 'kalmeren', 'genot', 'lief', 'vredig', 'ça_va', 'verbazen', 'levendig', 'hopen', 'hoop', 'motivatie', 'happy', 'concentreren', 'prettig', 'zeker', 'genieten', 'rust', 'uit_rusten', 'sukkelen', 'moeien', 'aangenaam', 'vrede', 'positief', 'ambitieus', 'veilig', 'fantastisch', 'concentratie', 'bon', 'joy', 'kalmerend', 'warmte', 'deugd', 'spannend', 'vrijheid', 'goesting', 'oké', 'comfort', 'rustig', 'heerlijk', 'capabel', 'geweldig', 'prikkelen', 'tevreden', 'bevredigen', 'uit_kijken', 'nieuwsgierig', 'boeiend', 'geluk', 'sympathiek', 'macht', 'productief', 'enthousiast', 'zen', 'opluchting', 'indrukwekkend', 'zin']",3.697156533,352,140,"['versleten', 'moeizaam', 'chaotisch', 'schok', 'warrig', 'stresserend', 'slecht_gezind', 'ongelukkig', 'verwarrend', 'nederig', 'verveling', 'wankelen', 'aan_doen', 'akelig', 'angst', 'introvert', 'op_jagen', 'afleiding', 'radeloosheid', 'bang', 'pijn', 'schamen', 'gek', 'confronteren', 'negatief', 'kwetsbaar', 'ongeluk', 'schrikken', 'zinloos', 'dreigen', 'vrezen', 'verschrikkelijk', 'verdoven', 'oncomfortabel', 'stress', 'ontgoochelend', 'medelijden', 'vermoeidheid', 'maf', 'vervelend', 'beledigen', 'beu', 'dwingen', 'verliezen', 'vreselijk', 'saai', 'negeren', 'waanzinnig', 'missen', 'frustratie', 'weg_gooien', 'down', 'kapot', 'boosheid', 'obsessie', 'spijt', 'tegenzin', 'verdwaasd', 'ongerust', 'onrust', 'hongerig', 'erg', 'raken', 'twijfel', 'inspanning', 'isolatie', 'storen', 'onvriendelijk', 'belachelijk', 'onrustig', 'ziek', 'frustreren', 'heftig', 'uitputtend', 'nutteloos', 'op_schrikken', 'moe', 'puzzelen', 'sluiten', 'verbijsteren', 'ernstig', 'hekel', 'lijden', 'haten', 'onbehagen', 'overdrijven', 'vermoeiend', 'dramatisch', 'uitgeput', 'honger', 'drukken', 'last', 'ongemotiveerd', 'op_fokken', 'af_haken', 'emotioneel', 'geïrriteerd', 'twijfelen', 'schuw', 'verlaten', 'isoleren', 'somber', 'betwijfelen', 'verstoren', 'angstig', 'teleur', 'onverwacht', 'breken', 'rusteloos', 'conflict', 'bezorgen', 'overschaduwen', 'overprikkelen', 'langdradig', 'eenzaamheid', 'irritatie', 'onzin', 'af_wachten', 'pijnlijk', 'overweldigen', 'woest', 'spannen', 'af_leiden', 'kritisch', 'afschuwelijk', 'slecht', 'rommelig', 'blue', 'schokken', 'spanning', 'paniek', 'onduidelijkheid', 'wanhoop', 'verlangen', 'absurd', 'ergernis', 'bitter', 'irriteren', 'verlies', 'vermoeid']",4.52311232,180144,1.909784483,1.104525862,19.75
!gqbb eprv,724,64,"['content', 'gelukkig', 'verbinden', 'gemak', 'moed', 'gezellig', 'warm', 'verrassing', 'vrij', 'interessant', 'kalm', 'lekker', 'chill', 'relaxed', 'benieuwd', 'nuchter', 'goed', 'leuk', 'gezond', 'vertrouwen', 'fijn', 'op_warmen', 'energie', 'grappig', 'wakker', 'gereed', 'blij', 'excited', 'normaal', 'kalmeren', 'chillen', 'ça_va', 'amuseren', 'alright', 'hopen', 'hoop', 'motivatie', 'concentreren', 'zeker', 'top', 'genieten', 'rust', 'respect', 'tof', 'positief', 'verband', 'trots', 'concentratie', 'attractie', 'bon', 'deugd', 'plezant', 'spannend', 'oké', 'relaxen', 'nostalgie', 'pret', 'rustig', 'uit_kijken', 'neutraal', 'geluk', 'productief', 'opluchting', 'zin']",2.924250528,395,63,"['chaotisch', 'stresserend', 'moeheid', 'verwarrend', 'verveling', 'aan_doen', 'storend', 'knagen', 'angst', 'bang', 'pijn', 'schrikken', 'verschrikkelijk', 'stress', 'ontgoochelend', 'eenzaam', 'maf', 'nerveus', 'beu', 'impulsief', 'kut', 'verliezen', 'saai', 'zielig', 'missen', 'bad', 'down', 'kapot', 'griezelig', 'tegenzin', 'erg', 'stressvol', 'raken', 'storen', 'ziek', 'frustreren', 'vervelen', 'moe', 'ergeren', 'haten', 'honger', 'last', 'emotioneel', 'twijfelen', 'verveeld', 'lastig', 'onzeker', 'zot', 'onverwacht', 'boos', 'eng', 'ambetant', 'irritatie', 'onduidelijk', 'kwaad', 'spannen', 'af_leiden', 'slecht', 'spanning', 'minderen', 'reserveren', 'irriteren', 'vermoeid']",3.066902685,184696,2.553947368,0.896315789,22
!guoz njec,1362,126,"['content', 'energiek', 'focussen', 'gelukkig', 'verbinden', 'gemak', 'waardevol', 'moed', 'steunen', 'helder', 'kracht', 'gezellig', 'warm', 'vieren', 'verrassing', 'vrij', 'plezier', 'hilarisch', 'interessant', 'gerust', 'romantisch', 'lekker', 'chill', 'cozy', 'relaxed', 'overtuigen', 'zalig', 'benieuwd', 'goed', 'nice', 'leuk', 'gezelligheid', 'voldoen', 'gezond', 'vertrouwen', 'fijn', 'vernieuwen', 'ontspanning', 'op_warmen', 'energie', 'grappig', 'opgewekt', 'passie', 'gezelschap', 'wakker', 'gereed', 'blij', 'excited', 'focus', 'ontspannenheid', 'verrassen', 'normaal', 'actief', 'prima', 'ontspannen', 'stabiel', 'hoopvol', 'lief', 'chillen', 'verheugen', 'ça_va', 'geliefd', 'gemoed_rust', 'amuseren', 'dankbaar', 'viben', 'activeren', 'waarderen', 'hopen', 'hoop', 'motivatie', 'happy', 'vet', 'appreciëren', 'zeker', 'genieten', 'vrolijk', 'rust', 'uit_rusten', 'comfortabel', 'sukkelen', 'zorgeloos', 'verwarmen', 'verbazingwekkend', 'aangenaam', 'tof', 'positief', 'liefdevol', 'appreciatie', 'verband', 'trots', 'accepteren', 'ontspannend', 'bon', 'nostalgisch', 'verbazing', 'warmte', 'goed_gezind', 'blijheid', 'deugd', 'spannend', 'goesting', 'oké', 'relaxen', 'pret', 'verwonderen', 'rustig', 'vriendelijk', 'heerlijk', 'geweldig', 'tevreden', 'uit_kijken', 'neutraal', 'nieuwsgierig', 'cool', 'geluk', 'zelfzeker', 'sympathiek', 'productief', 'verliefd', 'enthousiast', 'zen', 'sexy', 'opluchting', 'zin', 'zelfvertrouwen']",3.608226987,829,148,"['versleten', 'depressief', 'shitty', 'machteloos', 'overwerken', 'chaotisch', 'schok', 'stresserend', 'slecht_gezind', 'moeheid', 'stresseren', 'stressen', 'ongelukkig', 'triest', 'aan_doen', 'falen', 'knagen', 'angst', 'verdriet', 'agiteren', 'introvert', 'suffen', 'beklemmen', 'bang', 'pijn', 'ontgoochelen', 'lusteloos', 'gek', 'negatief', 'ongeluk', 'triestig', 'afkeer', 'verschrikkelijk', 'oncomfortabel', 'stress', 'verdrietig', 'gemeen', 'vermoeidheid', 'verbreken', 'eenzaam', 'cynisch', 'maf', 'breakdown', 'vervelend', 'hulpeloos', 'nerveus', 'beu', 'vechten', 'gestresseerd', 'verliezen', 'saai', 'teleur_stellen', 'zielig', 'wanhopig', 'awkward', 'missen', 'beschuldigen', 'wisselvallig', 'frustratie', 'bad', 'suf', 'weg_gooien', 'humeurig', 'down', 'kapot', 'slaperig', 'piekeren', 'gevoelig', 'tegenzin', 'wreed', 'af_wijzen', 'ongerust', 'onrust', 'overprikkeld', 'hongerig', 'erg', 'ongeloof', 'raken', 'twijfel', 'prikkelbaar', 'storen', 'onrustig', 'ziek', 'frustreren', 'vervelen', 'nutteloos', 'moe', 'sluiten', 'ergeren', 'haten', 'overdrijven', 'vermoeiend', 'honger', 'hopeloos', 'last', 'emotioneel', 'geïrriteerd', 'irritant', 'schuld_gevoel', 'somber', 'war', 'lastig', 'onzeker', 'zuur', 'angstig', 'zot', 'smerig', 'teleur', 'belabberd', 'onverwacht', 'lui', 'breken', 'over_slaan', 'gênant', 'boos', 'schuldig', 'bezorgen', 'verontrusten', 'eng', 'ambetant', 'overprikkelen', 'spijtig', 'shockeren', 'irritatie', 'intimiderend', 'pijnlijk', 'uit_sluiten', 'schuld', 'af_leiden', 'naïef', 'irrelevant', 'slecht', 'rommelig', 'koppig', 'blue', 'irriterend', 'forceren', 'paniek', 'crazy', 'verlangen', 'depressie', 'onnozel', 'verslag', 'irriteren', 'verlies', 'schrik', 'frustrerend', 'onzekerheid']",4.033763746,194584,2.312111111,1.274074074,17.33333333
!heqw cgas,617,121,"['energiek', 'focussen', 'gelukkig', 'verbinden', 'gemak', 'energietisch', 'waardevol', 'vreugde', 'moed', 'steunen', 'gezellig', 'warm', 'troosten', 'verrassing', 'vrij', 'plezier', 'interessant', 'boeien', 'luchtig', 'inspirerend', 'evenwicht', 'verzadigen', 'enthousiasme', 'gerust', 'rustgevend', 'op_peppen', 'lekker', 'chill', 'op_wekken', 'overtuigen', 'zalig', 'benieuwd', 'fascineren', 'goed', 'leuk', 'onschuldig', 'fascinerend', 'voldoen', 'gezond', 'vertrouwen', 'zekerheid', 'fijn', 'op_warmen', 'energie', 'grappig', 'rationeel', 'gezelschap', 'wakker', 'inspireren', 'blij', 'focus', 'normaal', 'prima', 'ontspannen', 'stabiel', 'feestelijk', 'kalmeren', 'lief', 'vredig', 'op_pompen', 'chillen', 'ça_va', 'geliefd', 'herstellen', 'amuseren', 'dankbaar', 'waarderen', 'bevestigen', 'voorzichtig', 'liefde', 'hopen', 'hoop', 'motivatie', 'concentreren', 'zeker', 'top', 'genieten', 'euforie', 'vrolijk', 'rust', 'na_genieten', 'uit_rusten', 'respect', 'humor', 'aangenaam', 'hyper', 'tof', 'positief', 'liefdevol', 'veilig', 'gerust_stellen', 'fantastisch', 'concentratie', 'balance', 'motiveren', 'nostalgisch', 'warmte', 'deugd', 'plezant', 'spannend', 'goesting', 'oké', 'relaxen', 'nostalgie', 'pret', 'rustig', 'evenwichtig', 'vriendelijk', 'heerlijk', 'geweldig', 'prikkelen', 'bevredigen', 'cool', 'aanlokkelijk', 'macht', 'verbinding', 'productief', 'enthousiast', 'zen', 'indrukwekkend', 'zin']",3.789213836,383,123,"['machteloos', 'moeizaam', 'onwennig', 'chaotisch', 'warrig', 'stresserend', 'stresseren', 'ongelukkig', 'verwarrend', 'aan_doen', 'akelig', 'angst', 'verdriet', 'triggeren', 'afleiding', 'verraden', 'bang', 'pijn', 'schamen', 'gek', 'wantrouwen', 'negatief', 'ongeluk', 'triestig', 'vrezen', 'stress', 'verdrietig', 'vermoeidheid', 'ellendig', 'maf', 'vervelend', 'hangry', 'dwingen', 'wazig', 'verliezen', 'saai', 'zielig', 'negeren', 'missen', 'beschuldigen', 'passief', 'grieperig', 'bad', 'weg_gooien', 'kapot', 'slaperig', 'faal_angst', 'gevoelig', 'ongerust', 'dwars_zitten', 'woedend', 'hongerig', 'fomo', 'erg', 'raken', 'bezorgdheid', 'belachelijk', 'onrustig', 'verwarren', 'ziek', 'frustreren', 'vervelen', 'nutteloos', 'moe', 'puzzelen', 'sluiten', 'hekel', 'ergeren', 'haten', 'rouw', 'vermoeiend', 'dramatisch', 'honger', 'last', 'zenuwachtig', 'emotioneel', 'schuld_gevoel', 'twijfelen', 'war', 'betwijfelen', 'verstoren', 'lastig', 'zot', 'belabberd', 'onverwacht', 'lui', 'breken', 'rusteloos', 'krap', 'conflict', 'boos', 'schuldig', 'bezorgen', 'eng', 'ambetant', 'overprikkelen', 'over_werken', 'onaangenaam', 'irritatie', 'onduidelijk', 'kwaad', 'onzin', 'lastig_vallen', 'uitdaging', 'pijnlijk', 'overweldigen', 'spannen', 'schuld', 'af_leiden', 'afschuwelijk', 'slecht', 'spanning', 'spannendheid', 'paniek', 'walgelijk', 'absurd', 'schade', 'onnozel', 'irriteren', 'beschadigen', 'frustrerend', 'onzekerheid', 'perfectionistisch']",4.089537366,182953,2.725540541,1.29509009,20.5
!hggg hxqg,1360,118,"['spontaan', 'focussen', 'overheerlijk', 'gelukkig', 'gemak', 'waardevol', 'vreugde', 'moed', 'respecteren', 'plezierig', 'gezellig', 'drijven', 'warm', 'vieren', 'seksueel', 'verrassing', 'vrij', 'interessant', 'ongetwijfeld', 'gerust', 'rustgevend', 'empathisch', 'lekker', 'trotseren', 'overtuigen', 'zalig', 'benieuwd', 'nuchter', 'goed', 'nice', 'leuk', 'gezelligheid', 'voldoen', 'gezond', 'vertrouwen', 'zekerheid', 'fijn', 'energie', 'grappig', 'machtig', 'relativeren', 'gezelschap', 'wakker', 'good', 'blij', 'focus', 'verrassen', 'normaal', 'actief', 'kalmeren', 'hoopvol', 'lief', 'vredig', 'chillen', 'ça_va', 'verbazen', 'leutig', 'amuseren', 'dankbaar', 'levendig', 'beleven', 'liefde', 'hopen', 'hoop', 'motivatie', 'nonchalant', 'concentreren', 'magisch', 'vreugdevol', 'interesseren', 'zeker', 'positiviteit', 'exciting', 'top', 'love', 'genieten', 'vrolijk', 'rust', 'uit_rusten', 'respect', 'humor', 'verbazingwekkend', 'aangenaam', 'tof', 'vrede', 'positief', 'welzijn', 'trots', 'fantastisch', 'lust', 'bon', 'duidelijkheid', 'motiveren', 'nostalgisch', 'zorgzaam', 'feliciteren', 'warmte', 'deugd', 'plezant', 'spannend', 'goesting', 'oké', 'relaxen', 'pret', 'rustig', 'vriendelijk', 'heerlijk', 'geweldig', 'tevreden', 'uit_kijken', 'cool', 'geluk', 'productief', 'verliefd', 'geduldig', 'enthousiast', 'zen', 'zin']",3.557573743,400,106,"['pittig', 'rot', 'onwennig', 'chaotisch', 'schok', 'stresserend', 'stresseren', 'stressen', 'ongelukkig', 'aan_doen', 'akelig', 'angst', 'bang', 'pijn', 'gek', 'negatief', 'ongeluk', 'schrikken', 'zinloos', 'defensief', 'vrezen', 'verschrikkelijk', 'agressief', 'stress', 'verdrietig', 'ontgoocheld', 'verbreken', 'eenzaam', 'maf', 'pech', 'vervelend', 'nerveus', 'beu', 'vechten', 'gestresseerd', 'verliezen', 'saai', 'teleur_stellen', 'zielig', 'negeren', 'missen', 'frustratie', 'suf', 'down', 'kapot', 'slaperig', 'spijt', 'piekeren', 'wreed', 'achter_laten', 'af_wijzen', 'erg', 'heimwee', 'raken', 'prikkelbaar', 'storen', 'belachelijk', 'ziek', 'frustreren', 'heftig', 'vervelen', 'moe', 'sluiten', 'chagrijnig', 'honger', 'harteloos', 'drukken', 'last', 'zenuwachtig', 'emotioneel', 'schuld_gevoel', 'twijfelen', 'war', 'betwijfelen', 'lastig', 'onzeker', 'zot', 'onverwacht', 'ongeduldig', 'breken', 'over_slaan', 'gênant', 'boos', 'eentonig', 'schuldig', 'bezorgen', 'eng', 'ambetant', 'spijtig', 'kwaad', 'af_wachten', 'pijnlijk', 'kwetsen', 'schuld', 'af_leiden', 'slecht', 'crazy', 'onproductief', 'doodop', 'onnozel', 'verslag', 'reserveren', 'irriteren', 'schrik', 'frustrerend', 'onzekerheid']",4.027099832,235926,3.026550388,1.019806202,19.83333333
!hmnt shzo,595,99,"['content', 'energiek', 'bevrijden', 'focussen', 'gelukkig', 'verbinden', 'gemak', 'waardevol', 'vreugde', 'moed', 'steunen', 'helder', 'kracht', 'gezellig', 'warm', 'vieren', 'troosten', 'seksueel', 'vrij', 'plezier', 'welverdiend', 'verzadigen', 'gerust', 'kalm', 'lekker', 'opwinding', 'chill', 'zalig', 'goed', 'leuk', 'behulpzaam', 'betrekken', 'voldoen', 'gezond', 'fijn', 'succesvol', 'engageren', 'energie', 'opgewekt', 'passie', 'gezelschap', 'wakker', 'blij', 'focus', 'verrassen', 'normaal', 'actief', 'motiverend', 'hoopvol', 'lief', 'vredig', 'chillen', 'op_wenden', 'geliefd', 'euforisch', 'levendig', 'intiem', 'liefde', 'verliefdheid', 'hoop', 'motivatie', 'vreugdevol', 'appreciëren', 'optimistisch', 'zeker', 'positiviteit', 'top', 'genieten', 'rust', 'uit_rusten', 'zelfverzekerd', 'aangenaam', 'vrede', 'positief', 'liefdevol', 'veilig', 'appreciatie', 'gerust_stellen', 'fantastisch', 'geruststellend', 'verwenden', 'verheugd', 'ondersteunen', 'motiveren', 'zinvol', 'deugd', 'oké', 'relaxen', 'rustig', 'vriendelijk', 'heerlijk', 'geweldig', 'tevreden', 'neutraal', 'geluk', 'zelfzeker', 'productief', 'verliefd', 'opluchting']",3.410995815,163,61,"['depressief', 'machteloos', 'moeizaam', 'rot', 'chaotisch', 'ambeteren', 'stresserend', 'breinloos', 'triest', 'falen', 'verdriet', 'op_jagen', 'pijn', 'gek', 'confronteren', 'kwetsbaar', 'stress', 'verdrietig', 'nerveus', 'verliezen', 'teleur_stellen', 'missen', 'frustratie', 'suf', 'down', 'onveilig', 'ongerust', 'raken', 'bezorgdheid', 'storen', 'onrustig', 'ziek', 'frustreren', 'heftig', 'moe', 'haten', 'vermoeiend', 'honger', 'last', 'zenuwachtig', 'emotioneel', 'onbeleefd', 'somber', 'ongeduldig', 'schuldig', 'bezorgen', 'ambetant', 'low', 'onaangenaam', 'irritatie', 'gehumeurd', 'kwaad', 'uitdaging', 'pijnlijk', 'overweldigen', 'af_leiden', 'kwaadheid', 'slecht', 'spanning', 'woede', 'irriteren']",3.711012896,194803,6.702610619,1.838982301,19.6
!hpoj yzmt,1077,48,"['energiek', 'gelukkig', 'gemak', 'moed', 'gezellig', 'warm', 'vieren', 'troosten', 'verrassing', 'vrij', 'plezier', 'interessant', 'rustgevend', 'lekker', 'chill', 'goed', 'nice', 'leuk', 'voldoen', 'fijn', 'ontspanning', 'viering', 'energie', 'wakker', 'blij', 'verrassen', 'normaal', 'ontspannen', 'ça_va', 'liefde', 'hopen', 'motivatie', 'zeker', 'genieten', 'rust', 'uit_rusten', 'comfortabel', 'motivering', 'deugd', 'plezant', 'spannend', 'oké', 'rustig', 'vriendelijk', 'geweldig', 'uit_kijken', 'geluk', 'zin']",2.385867788,230,30,"['moeizaam', 'moeheid', 'stressen', 'op_jagen', 'bang', 'gek', 'stress', 'vermoeidheid', 'beu', 'saai', 'missen', 'bad', 'hongerig', 'erg', 'stressvol', 'raken', 'ziek', 'heftig', 'moe', 'vermoeiend', 'honger', 'twijfelen', 'belabberd', 'onduidelijk', 'kwaad', 'af_wachten', 'uit_sluiten', 'af_leiden', 'slecht', 'minderen']",1.880719862,231758,3.119565217,0.268768116,21
!hupd ujak,1475,96,"['content', 'energiek', 'focussen', 'gelukkig', 'verbinden', 'gemak', 'gezellig', 'warm', 'vrij', 'plezier', 'interessant', 'boeien', 'luchtig', 'evenwicht', 'gerust', 'affectie', 'ontstressen', 'lekker', 'chill', 'overtuigen', 'goed', 'nice', 'interesse', 'leuk', 'voldoen', 'vertrouwen', 'excitement', 'fijn', 'succesvol', 'op_warmen', 'energie', 'grappig', 'gezelschap', 'wakker', 'good', 'luimen', 'blij', 'focus', 'normaal', 'balanceren', 'actief', 'prima', 'ontspannen', 'lief', 'chillen', 'connectie', 'ça_va', 'geliefd', 'fier', 'amuseren', 'dankbaar', 'beleven', 'bevestigen', 'voorzichtig', 'hopen', 'hoop', 'nonchalant', 'concentreren', 'zeker', 'top', 'genieten', 'rust', 'uit_rusten', 'comfortabel', 'sukkelen', 'animeren', 'zorgeloos', 'respect', 'aangenaam', 'tof', 'positief', 'veilig', 'trots', 'contentheid', 'concentratie', 'ontspannend', 'bon', 'duidelijkheid', 'energy', 'ondersteunen', 'motiveren', 'warmte', 'spannend', 'vrijheid', 'oké', 'comfort', 'relaxen', 'rustig', 'vriendelijk', 'tevreden', 'uit_kijken', 'geluk', 'zelfzeker', 'productief', 'opluchting', 'zin']",3.110630007,385,98,"['rot', 'stresserend', 'onrespectvol', 'slecht_gezind', 'jaloers', 'stressen', 'ongelukkig', 'verwarrend', 'aan_doen', 'knagen', 'angst', 'op_jagen', 'ongerustheid', 'pijn', 'boring', 'gek', 'negatief', 'ongeluk', 'miserabel', 'triestig', 'ongemakkelijkheid', 'verdoven', 'oncomfortabel', 'stress', 'vermoeidheid', 'hulpeloos', 'nerveus', 'teleurstellend', 'vechten', 'dwingen', 'verliezen', 'saai', 'teleur_stellen', 'missen', 'frustratie', 'weg_gooien', 'down', 'slaperig', 'boosheid', 'spijt', 'af_wijzen', 'ongerust', 'hongerig', 'erg', 'raken', 'storen', 'ongemak', 'frustreren', 'vervelen', 'nutteloos', 'moe', 'jagen', 'ernstig', 'teleur_stelling', 'vermoeiend', 'honger', 'last', 'verminderen', 'emotioneel', 'schuld_gevoel', 'twijfelen', 'stroef', 'betwijfelen', 'lastig', 'nutteloosheid', 'onzeker', 'zuur', 'angstig', 'smerig', 'onverwacht', 'ongeduldig', 'lui', 'af_wisselen', 'conflict', 'stresser', 'boos', 'eentonig', 'schuldig', 'bezorgen', 'eng', 'spijtig', 'low', 'onaangenaam', 'kwaad', 'uitdaging', 'pijnlijk', 'af_leiden', 'slecht', 'forceren', 'uit_dagen', 'geëmotioneerd', 'verlangen', 'pissig', 'schrik', 'beschadigen', 'frustrerend', 'onzekerheid', 'vermoeid']",3.956791335,179466,4.490495868,1.37661157,22.25
!hvce wpnv,861,105,"['content', 'energiek', 'gelukkig', 'verbinden', 'gemak', 'soelaas', 'waardevol', 'moed', 'kracht', 'veiligheid', 'gezellig', 'warm', 'opgelucht', 'vieren', 'troosten', 'vrij', 'plezier', 'interessant', 'gerust', 'empathisch', 'lekker', 'relaxed', 'zalig', 'benieuwd', 'goed', 'begripvol', 'nice', 'interesse', 'leuk', 'betrekken', 'voldoen', 'gezond', 'vertrouwen', 'fijn', 'ontspanning', 'op_warmen', 'aandachtig', 'energie', 'grappig', 'wakker', 'inspireren', 'betekenisvol', 'blij', 'excited', 'normaal', 'actief', 'motiverend', 'ontspannen', 'lief', 'ça_va', 'herstellen', 'dankbaar', 'samenhorigheid', 'voorzichtig', 'intiem', 'liefde', 'hopen', 'hoop', 'motivatie', 'concentreren', 'troost', 'interesseren', 'zeker', 'top', 'genieten', 'vrolijk', 'rust', 'uit_rusten', 'lustig', 'sukkelen', 'respect', 'tof', 'vrede', 'positief', 'welzijn', 'veilig', 'appreciatie', 'gerust_stellen', 'trots', 'attractie', 'ontspannend', 'bon', 'fantaseren', 'ondersteunen', 'motiveren', 'deugd', 'spannend', 'goesting', 'oké', 'relaxen', 'nostalgie', 'rustig', 'vriendelijk', 'power', 'tevreden', 'uit_kijken', 'dankbaarheid', 'geluk', 'verbinding', 'productief', 'verliefd', 'geduldig', 'enthousiast', 'zin', 'zelfvertrouwen']",3.409109934,279,77,"['rot', 'chaotisch', 'stresserend', 'stressen', 'triest', 'aan_doen', 'angst', 'op_jagen', 'afleiding', 'bang', 'pijn', 'confronteren', 'negatief', 'kwetsbaar', 'moedeloos', 'vrezen', 'verschrikkelijk', 'stress', 'verdrietig', 'onrustigheid', 'vermoeidheid', 'eenzaam', 'vervelend', 'verliezen', 'saai', 'teleur_stellen', 'missen', 'keuze_stress', 'bad', 'down', 'faal_angst', 'ongerust', 'uitzichtloos', 'erg', 'stressvol', 'raken', 'inspanning', 'compliceren', 'onrustig', 'ziek', 'frustreren', 'vervelen', 'moe', 'ergeren', 'vermoeiend', 'honger', 'drukken', 'last', 'op_fokken', 'emotioneel', 'twijfelen', 'verlaten', 'lastig', 'onzeker', 'angstig', 'zot', 'onverwacht', 'lui', 'boos', 'schuldig', 'woelig', 'kwaad', 'af_wachten', 'uitdaging', 'spannen', 'af_leiden', 'slecht', 'uit_dagen', 'onproductief', 'benauwd', 'doodop', 'onnozel', 'reserveren', 'bitter', 'irriteren', 'schrik', 'frustrerend']",3.545170078,184504,4.288169643,1.188214286,24.5
!jatb josf,1122,89,"['content', 'energiek', 'gelukkig', 'vertrouwd', 'gemak', 'moed', 'steunen', 'kracht', 'veiligheid', 'nieuwsgierigheid', 'amusant', 'gezellig', 'warm', 'vieren', 'vrij', 'plezier', 'interessant', 'gerust', 'rustgevend', 'kalm', 'lekker', 'overtuigen', 'benieuwd', 'goed', 'leuk', 'gezelligheid', 'voldoen', 'gezond', 'vertrouwen', 'zekerheid', 'fijn', 'op_warmen', 'energie', 'grappig', 'rationeel', 'opgewekt', 'gezelschap', 'wakker', 'blij', 'normaal', 'actief', 'ontspannen', 'kalmeren', 'hoopvol', 'lief', 'op_pompen', 'verbondenheid', 'connectie', 'ça_va', 'amuseren', 'samenhorigheid', 'activeren', 'bevestigen', 'liefde', 'hopen', 'hoop', 'motivatie', 'happy', 'concentreren', 'troost', 'zeker', 'top', 'genieten', 'rust', 'uit_rusten', 'moeien', 'aangenaam', 'positief', 'verwelkomen', 'ontspannend', 'bon', 'amusement', 'motiveren', 'nostalgisch', 'plezant', 'spannend', 'vrijheid', 'goesting', 'oké', 'verzekeren', 'rustig', 'vriendelijk', 'tevreden', 'uit_kijken', 'geluk', 'op_fleuren', 'macht', 'vooruit_kijken', 'zin']",3.348071389,427,92,"['versleten', 'depressief', 'overwerken', 'chaotisch', 'ambeteren', 'ongelukkig', 'verveling', 'aan_doen', 'angst', 'afleiding', 'pijn', 'confronteren', 'negatief', 'ongeluk', 'triestig', 'vrezen', 'verschrikkelijk', 'stress', 'verdrietig', 'medelijden', 'vermoeidheid', 'in_trekken', 'vervelend', 'beu', 'gestresseerd', 'verliezen', 'saai', 'teleur_stellen', 'missen', 'passief', 'frustratie', 'bad', 'weg_gooien', 'kapot', 'spijt', 'wreed', 'haastig', 'paniek_reactie', 'overprikkeld', 'hongerig', 'erg', 'raken', 'twijfel', 'inspanning', 'bezorgdheid', 'burn-out', 'ziek', 'frustreren', 'heftig', 'uitputtend', 'gevecht', 'vervelen', 'nutteloos', 'moe', 'jagen', 'sluiten', 'ernstig', 'teleur_stelling', 'vermoeiend', 'honger', 'last', 'verminderen', 'trauma', 'emotioneel', 'irritant', 'twijfelen', 'verlaten', 'kwalijk', 'lastig', 'onzeker', 'angstig', 'lui', 'breken', 'conflict', 'bezorgen', 'ambetant', 'spijtig', 'verslaan', 'onduidelijk', 'kwaad', 'af_wachten', 'schuld', 'af_leiden', 'kwaadheid', 'slecht', 'spanning', 'depressie', 'schade', 'verlies', 'schrik', 'frustrerend', 'onzekerheid']",3.801985178,180948,3.852750929,1.221040892,20.4
!jfhq bazy,1460,96,"['content', 'focussen', 'gelukkig', 'verbinden', 'gemak', 'moed', 'draaglijk', 'gezellig', 'warm', 'vieren', 'troosten', 'vrij', 'avontuurlijk', 'plezier', 'interessant', 'boeien', 'evenwicht', 'gerust', 'op_peppen', 'kalm', 'lekker', 'chill', 'relaxed', 'zalig', 'benieuwd', 'goed', 'nice', 'leuk', 'voldoen', 'vertrouwen', 'zekerheid', 'fijn', 'op_warmen', 'energie', 'grappig', 'wakker', 'blij', 'verrassen', 'normaal', 'krachtig', 'ontspannen', 'hoopvol', 'lief', 'op_pompen', 'chillen', 'ça_va', 'geliefd', 'fier', 'amuseren', 'dankbaar', 'hopen', 'hoop', 'motivatie', 'happy', 'concentreren', 'zeker', 'top', 'genieten', 'vrolijk', 'rust', 'na_genieten', 'uit_rusten', 'sukkelen', 'aangenaam', 'tof', 'positief', 'gerust_stellen', 'trots', 'concentratie', 'geruststellend', 'ontspannend', 'bon', 'ondersteunen', 'motiveren', 'warmte', 'zinvol', 'deugd', 'plezant', 'spannend', 'goesting', 'oké', 'rustig', 'tevreden', 'verrijken', 'uit_kijken', 'neutraal', 'geluk', 'zelfzeker', 'productief', 'verliefd', 'enthousiast', 'zen', 'opluchting', 'indrukwekkend', 'zin', 'zelfvertrouwen']",3.032847714,322,80,"['stresserend', 'stresseren', 'aan_doen', 'verdriet', 'op_jagen', 'ongerustheid', 'pijn', 'neerslachtig', 'negatief', 'stress', 'verdrietig', 'confronterend', 'medelijden', 'vermoeidheid', 'verergeren', 'vervelend', 'hangerig', 'beu', 'vechten', 'gestresseerd', 'kut', 'verliezen', 'saai', 'teleur_stellen', 'missen', 'frustratie', 'bad', 'down', 'boosheid', 'spijt', 'gevoelig', 'achter_laten', 'ongerust', 'erg', 'raken', 'storen', 'ongemak', 'ziek', 'frustreren', 'moe', 'jagen', 'sluiten', 'vermoeiend', 'honger', 'last', 'zenuwachtig', 'emotioneel', 'schuld_gevoel', 'twijfelen', 'verkrampen', 'overstuur', 'af_wisselen', 'teneergeslagen', 'boos', 'eentonig', 'schuldig', 'bezorgen', 'eng', 'ambetant', 'overprikkelen', 'spijtig', 'shockeren', 'irritatie', 'kwaad', 'af_wachten', 'pijnlijk', 'overweldigen', 'schuld', 'af_leiden', 'slecht', 'uit_dagen', 'overwhelming', 'verwarring', 'onproductief', 'reserveren', 'irriteren', 'verlies', 'schrik', 'frustrerend', 'onzekerheid']",3.628193052,190948,3.636712963,0.582407407,24.5
!jkvd gsxb,605,114,"['content', 'energiek', 'spontaan', 'focussen', 'gelukkig', 'verbinden', 'gemak', 'vreugde', 'moed', 'nieuwsgierigheid', 'plezierig', 'gezellig', 'warm', 'vieren', 'troosten', 'vrij', 'plezier', 'hilarisch', 'interessant', 'evenwicht', 'verzadigen', 'gerust', 'kalm', 'lekker', 'chill', 'relaxed', 'zalig', 'goed', 'leuk', 'gezelligheid', 'onschuldig', 'betrekken', 'voldoen', 'gezond', 'vertrouwen', 'fijn', 'succesvol', 'ontspanning', 'engageren', 'energie', 'grappig', 'opgewekt', 'gezelschap', 'wakker', 'inspireren', 'blij', 'verrassen', 'normaal', 'actief', 'prima', 'stimuleren', 'ontspannen', 'lief', 'verbazen', 'geliefd', 'herstellen', 'fier', 'amuseren', 'dankbaar', 'intiem', 'liefde', 'hopen', 'motivatie', 'happy', 'vreugdevol', 'zeker', 'top', 'genieten', 'vrolijk', 'rust', 'na_genieten', 'uit_rusten', 'comfortabel', 'sukkelen', 'tof', 'goed_luimen', 'positief', 'veilig', 'gerust_stellen', 'trots', 'fantastisch', 'concentratie', 'lust', 'onbezorgd', 'bon', 'motiveren', 'nostalgisch', 'warmte', 'deugd', 'plezant', 'spannend', 'vrijheid', 'goesting', 'oké', 'fierheid', 'comfort', 'relaxen', 'pret', 'rustig', 'ongestoord', 'heerlijk', 'geweldig', 'tevreden', 'bevredigen', 'uit_kijken', 'nieuwsgierig', 'dankbaarheid', 'joviaal', 'geluk', 'productief', 'verliefd', 'geduldig', 'enthousiast', 'zin']",3.990449141,167,62,"['rot', 'chaotisch', 'moeheid', 'stresseren', 'ongelukkig', 'knagen', 'op_jagen', 'afleiding', 'bang', 'pijn', 'schrikken', 'vrezen', 'oncomfortabel', 'stress', 'vervelend', 'nerveus', 'hangerig', 'gestresseerd', 'miserie', 'saai', 'teleur_stellen', 'missen', 'bad', 'tegenzin', 'ongerust', 'erg', 'raken', 'twijfel', 'inspanning', 'bezorgdheid', 'ongemak', 'onrustig', 'ziek', 'frustreren', 'heftig', 'vervelen', 'moe', 'puzzelen', 'sluiten', 'ernstig', 'teleur_stelling', 'honger', 'drukken', 'zenuwachtig', 'schuld_gevoel', 'twijfelen', 'onzeker', 'belabberd', 'lazy', 'onverwacht', 'ongeduldig', 'breken', 'beschaamd', 'schuldig', 'bezorgen', 'twijfelachtig', 'uitdaging', 'pijnlijk', 'slecht', 'uit_dagen', 'verlangen', 'irriteren']",3.457685263,180732,6.205964912,1.434877193,23.8
!jsmk hzwq,979,98,"['content', 'energiek', 'spontaan', 'focussen', 'overheerlijk', 'gelukkig', 'vertrouwd', 'gemak', 'moed', 'helder', 'zelfmedelijd', 'gezellig', 'warm', 'vrij', 'plezier', 'welverdiend', 'interessant', 'boeien', 'luchtig', 'evenwicht', 'gerust', 'lekker', 'overtuigen', 'top_gevoel', 'zalig', 'benieuwd', 'nuchter', 'goed', 'nice', 'leuk', 'voldoen', 'gezond', 'vertrouwen', 'fijn', 'ontspanning', 'energie', 'grappig', 'relativeren', 'gezelschap', 'wakker', 'blij', 'excited', 'verrassen', 'normaal', 'actief', 'motiverend', 'ontspannen', 'lief', 'ça_va', 'gemoed_rust', 'fier', 'amuseren', 'dankbaar', 'beleven', 'liefde', 'hopen', 'motivatie', 'happy', 'concentreren', 'appreciëren', 'interesseren', 'optimistisch', 'zeker', 'top', 'genieten', 'rust', 'comfortabel', 'respect', 'aangenaam', 'tof', 'vrede', 'positief', 'appreciatie', 'gerust_stellen', 'trots', 'fantastisch', 'concentratie', 'opluchtend', 'ontspannend', 'bon', 'energy', 'motiveren', 'warmte', 'deugd', 'spannend', 'goesting', 'oké', 'rustig', 'heerlijk', 'geweldig', 'tevreden', 'uit_kijken', 'neutraal', 'dankbaarheid', 'geluk', 'productief', 'enthousiast', 'zin']",3.600838553,292,105,"['pittig', 'machteloos', 'moeizaam', 'onwennig', 'schok', 'stresserend', 'stresseren', 'stressen', 'ongelukkig', 'breinloos', 'aan_doen', 'falen', 'knagen', 'angst', 'op_jagen', 'afleiding', 'bang', 'onmacht', 'pijn', 'gek', 'negatief', 'schrikken', 'stress', 'verdrietig', 'onrustigheid', 'vermoeidheid', 'ellendig', 'eenzaam', 'onwetendheid', 'verergeren', 'vervelend', 'nerveus', 'teleurstellend', 'stressaanval', 'beu', 'vechten', 'gestresseerd', 'verliezen', 'miserie', 'saai', 'teleur_stellen', 'missen', 'frustratie', 'slaperig', 'enerveren', 'onveilig', 'dwars_zitten', 'onrust', 'erg', 'futloos', 'stressvol', 'raken', 'twijfel', 'inspanning', 'storen', 'ongemak', 'onrustig', 'ziek', 'frustreren', 'vervelen', 'moe', 'puzzelen', 'sluiten', 'teleur_stelling', 'ergeren', 'haten', 'overdrijven', 'vermoeiend', 'honger', 'supporteren', 'drukken', 'last', 'verminderen', 'bedroefd', 'lastig', 'zuur', 'onverwacht', 'gênant', 'boos', 'schuldig', 'bezorgen', 'ambetant', 'overprikkelen', 'spijtig', 'low', 'kwaad', 'af_wachten', 'uitdaging', 'overweldigen', 'spannen', 'schuld', 'af_leiden', 'slecht', 'blue', 'generen', 'spanning', 'forceren', 'paniek', 'verlangen', 'woede', 'reserveren', 'schrik', 'frustrerend', 'perfectionistisch', 'radeloos']",4.153548268,182457,4.680599078,1.259493088,21.16666667
!jukj haum,537,88,"['content', 'fun', 'energiek', 'spontaan', 'overheerlijk', 'gelukkig', 'gemak', 'moed', 'steunen', 'kracht', 'gezellig', 'warm', 'vieren', 'vrij', 'interessant', 'ongetwijfeld', 'gerust', 'op_peppen', 'lekker', 'relaxed', 'zalig', 'benieuwd', 'nuchter', 'goed', 'nice', 'leuk', 'gezond', 'vertrouwen', 'fijn', 'succesvol', 'ontspanning', 'energie', 'grappig', 'opgewekt', 'passie', 'gezelschap', 'wakker', 'blij', 'excited', 'focus', 'normaal', 'actief', 'krachtig', 'stimuleren', 'ontspannen', 'lief', 'chillen', 'op_wenden', 'ça_va', 'amuseren', 'dankbaar', 'samenhorigheid', 'levendig', 'waarderen', 'beleven', 'hopen', 'hoop', 'happy', 'concentreren', 'gastvrij', 'zeker', 'top', 'love', 'genieten', 'vrolijk', 'rust', 'uit_rusten', 'tof', 'positief', 'veilig', 'trots', 'fantastisch', 'accomplished', 'ontspannend', 'motiveren', 'warmte', 'spannend', 'oké', 'relaxen', 'rustig', 'heerlijk', 'capabel', 'geweldig', 'tevreden', 'productief', 'verliefd', 'zen', 'zin']",3.440652164,248,84,"['pittig', 'moeizaam', 'rot', 'slecht_gezind', 'stressen', 'triest', 'verdriet', 'triggeren', 'bang', 'pijn', 'confronteren', 'ongeluk', 'triestig', 'vrezen', 'verschrikkelijk', 'stress', 'verdrietig', 'walging', 'vervelend', 'hulpeloos', 'beu', 'kut', 'verliezen', 'teleur_stellen', 'wanhopig', 'awkward', 'missen', 'frustratie', 'beladen', 'kapot', 'spijt', 'gevoelig', 'ongerust', 'erg', 'raken', 'twijfel', 'inspanning', 'bezorgdheid', 'ziek', 'frustreren', 'heftig', 'vervelen', 'moe', 'ernstig', 'op_rommelen', 'haten', 'honger', 'droevig', 'zenuwachtig', 'schuld_gevoel', 'kop_zorg', 'war', 'kut_gevoel', 'verstoren', 'lastig', 'onzeker', 'angstig', 'zot', 'lui', 'breken', 'beschaamd', 'boos', 'schuldig', 'ambetant', 'langdradig', 'spijtig', 'eenzaamheid', 'verslaan', 'woelig', 'irritatie', 'onduidelijk', 'kwaad', 'af_leiden', 'kwaadheid', 'slecht', 'rommelig', 'spanning', 'hatelijk', 'ergernis', 'arrogant', 'irriteren', 'schrik', 'onzekerheid', 'radeloos']",4.020711931,179067,4.341774194,1.668629032,20.75
!jwnm eozm,856,65,"['energiek', 'focussen', 'gelukkig', 'gemak', 'veiligheid', 'warm', 'vieren', 'vrij', 'interessant', 'boeien', 'lekker', 'chill', 'relaxed', 'benieuwd', 'goed', 'interesse', 'leuk', 'voldoen', 'gezond', 'ontspanning', 'op_warmen', 'energie', 'wakker', 'verrassend', 'blij', 'normaal', 'actief', 'motiverend', 'ontspannen', 'kalmeren', 'chillen', 'romantiek', 'ça_va', 'herstellen', 'amuseren', 'hopen', 'concentreren', 'interesseren', 'zeker', 'genieten', 'rust', 'uit_rusten', 'comfortabel', 'sukkelen', 'moeien', 'aangenaam', 'tof', 'positief', 'concentratie', 'intrigeren', 'geruststellend', 'opluchtend', 'ontspannend', 'plezant', 'oké', 'verwonderen', 'rustig', 'geweldig', 'tevreden', 'uit_kijken', 'neutraal', 'sympathiek', 'enthousiast', 'opluchting', 'zin']",2.915427399,579,65,"['chaotisch', 'stresserend', 'stresseren', 'stressen', 'verveling', 'afleiding', 'pijn', 'ongeluk', 'oncomfortabel', 'stress', 'vermoeidheid', 'vervelend', 'beu', 'vechten', 'gestresseerd', 'verliezen', 'saai', 'awkward', 'missen', 'kapot', 'slaperig', 'gevoelig', 'grumpy', 'erg', 'raken', 'storen', 'heftig', 'uitputtend', 'vervelen', 'nutteloos', 'deprimeren', 'moe', 'ernstig', 'overdrijven', 'vermoeiend', 'honger', 'drukken', 'last', 'haat', 'zenuwachtig', 'emotioneel', 'irritant', 'twijfelen', 'kritiek', 'verkrampen', 'war', 'verstoren', 'lastig', 'onzeker', 'oninteressant', 'ongeduldig', 'ambetant', 'spijtig', 'irritatie', 'kwaad', 'lastig_vallen', 'pijnlijk', 'spannen', 'af_leiden', 'slecht', 'minderen', 'irriterend', 'absurd', 'irriteren', 'frustrerend']",2.830082437,190810,4.024255319,1.967553191,21
!kcef xfaj! ,1133,89,"['energiek', 'focussen', 'gelukkig', 'gemak', 'moed', 'steunen', 'respecteren', 'gezellig', 'warm', 'vieren', 'verrassing', 'vrij', 'plezier', 'interessant', 'gerust', 'empathisch', 'kalm', 'lekker', 'chill', 'cozy', 'zalig', 'benieuwd', 'goed', 'leuk', 'voldoen', 'gezond', 'hartverwarmend', 'vertrouwen', 'fijn', 'op_warmen', 'energie', 'grappig', 'opgewekt', 'relativeren', 'wakker', 'good', 'anticiperen', 'blij', 'excited', 'focus', 'normaal', 'actief', 'krachtig', 'ontspannen', 'kalmeren', 'lief', 'chillen', 'ça_va', 'cute', 'dankbaar', 'beleven', 'hopen', 'hoop', 'concentreren', 'vet', 'prettig', 'appreciëren', 'interesseren', 'optimistisch', 'zeker', 'top', 'genieten', 'rust', 'energievol', 'uit_rusten', 'verwarmen', 'verbazingwekkend', 'tof', 'positief', 'veilig', 'trots', 'geruststellend', 'deugd', 'plezant', 'spannend', 'goesting', 'oké', 'hulpvol', 'rustig', 'vriendelijk', 'tevreden', 'uit_kijken', 'neutraal', 'cool', 'geluk', 'moedig', 'productief', 'zin', 'zelfvertrouwen']",3.289255221,492,100,"['pittig', 'chaotisch', 'schok', 'ambeteren', 'stresserend', 'paniekerig', 'jaloers', 'stresseren', 'stressen', 'aan_doen', 'falen', 'knagen', 'angst', 'verdriet', 'bang', 'pijn', 'schamen', 'gek', 'ongeluk', 'schrikken', 'verschrikkelijk', 'stress', 'verdrietig', 'gemeen', 'in_trekken', 'nerveus', 'gestresseerd', 'kut', 'wazig', 'verliezen', 'vreselijk', 'saai', 'teleur_stellen', 'wanhopig', 'missen', 'frustratie', 'bad', 'kapot', 'enerveren', 'boosheid', 'faal_angst', 'piekeren', 'gevoelig', 'haastig', 'onrust', 'erg', 'raken', 'twijfel', 'inspanning', 'storen', 'onrustig', 'ziek', 'gevecht', 'moe', 'sluiten', 'sad', 'honger', 'meh', 'drukken', 'last', 'verminderen', 'droevig', 'bedriegen', 'emotioneel', 'twijfelen', 'neer_buigen', 'verlaten', 'jaloersheid', 'panikeren', 'verstoren', 'lastig', 'onzeker', 'angstig', 'zot', 'belabberd', 'ongeduldig', 'conflict', 'boos', 'schuldig', 'eng', 'ambetant', 'spijtig', 'ruw', 'irritatie', 'kwaad', 'af_wachten', 'pijnlijk', 'spannen', 'kwetsen', 'schuld', 'naïef', 'slecht', 'paniek', 'absurd', 'verslag', 'bitter', 'misbegrepen', 'irriteren', 'schrik', 'frustrerend']",3.731860957,184702,2.46,1.155833333,20.6
!kjho ethf,1077,87,"['content', 'gelukkig', 'vertrouwd', 'verbinden', 'gemak', 'steunen', 'kracht', 'verleiden', 'gezellig', 'warm', 'vieren', 'troosten', 'vrij', 'interessant', 'boeien', 'lekker', 'chill', 'trotseren', 'overtuigen', 'benieuwd', 'goed', 'leuk', 'gezond', 'vertrouwen', 'fijn', 'ontspanning', 'op_warmen', 'energie', 'grappig', 'gezelschap', 'wakker', 'good', 'blij', 'normaal', 'balanceren', 'prima', 'ontspannen', 'lief', 'chillen', 'ça_va', 'verbazen', 'herstellen', 'leutig', 'amuseren', 'alright', 'hopen', 'hoop', 'motivatie', 'happy', 'vet', 'prettig', 'interesseren', 'zeker', 'top', 'love', 'genieten', 'rust', 'uit_rusten', 'comfortabel', 'sukkelen', 'moeien', 'aangenaam', 'tof', 'positief', 'veilig', 'verband', 'trots', 'accepteren', 'verleiding', 'bon', 'motiveren', 'verstandig', 'motivation', 'plezant', 'spannend', 'goesting', 'oké', 'charme', 'rustig', 'vriendelijk', 'tevreden', 'cool', 'sympathiek', 'op_fleuren', 'productief', 'enthousiast', 'zin']",3.21679397,434,86,"['versleten', 'pittig', 'depressief', 'shitty', 'schok', 'stresserend', 'moeheid', 'stressen', 'verwarrend', 'aan_doen', 'afleiding', 'pijn', 'gek', 'confronteren', 'ongeluk', 'vrezen', 'verschrikkelijk', 'stress', 'verdrietig', 'vermoeidheid', 'eenzaam', 'pech', 'vervelend', 'beu', 'vechten', 'kut', 'verliezen', 'saai', 'teleur_stellen', 'zielig', 'negeren', 'missen', 'frustratie', 'kapot', 'slaperig', 'spijt', 'paranoia', 'erg', 'raken', 'twijfel', 'ziek', 'frustreren', 'vervelen', 'moe', 'sluiten', 'haten', 'overdrijven', 'vermoeiend', 'honger', 'supporteren', 'schaamte', 'drukken', 'last', 'haat', 'trauma', 'irritant', 'onbeleefd', 'twijfelen', 'war', 'bemoeien', 'bevreesd', 'lui', 'breken', 'af_wisselen', 'krap', 'gênant', 'boos', 'schuldig', 'eng', 'ambetant', 'spijtig', 'kwaad', 'af_wachten', 'schuld', 'blesseren', 'naïef', 'slecht', 'blue', 'spanning', 'paniek', 'onproductief', 'reserveren', 'irriteren', 'schrik', 'frustrerend', 'degoutant']",3.622834892,191839,2.108244275,0.806870229,16.33333333
!kmqy tkdf ,999,72,"['content', 'focussen', 'gelukkig', 'gemak', 'gezellig', 'warm', 'vrij', 'plezier', 'boeien', 'gerust', 'kalm', 'lekker', 'chill', 'benieuwd', 'goed', 'nice', 'leuk', 'voldoen', 'gezond', 'vertrouwen', 'zekerheid', 'fijn', 'energie', 'wakker', 'blij', 'focus', 'normaal', 'actief', 'lief', 'chillen', 'ça_va', 'euforisch', 'fier', 'beleven', 'hopen', 'motivatie', 'nonchalant', 'happy', 'concentreren', 'vet', 'zeker', 'top', 'genieten', 'euforie', 'rust', 'uit_rusten', 'aangenaam', 'tof', 'vrede', 'positief', 'verband', 'trots', 'fantastisch', 'gemotiveerd', 'motiveren', 'zinvol', 'plezant', 'spannend', 'goesting', 'oké', 'nostalgie', 'rustig', 'vriendelijk', 'prikkelen', 'tevreden', 'uit_kijken', 'neutraal', 'geluk', 'productief', 'verliefd', 'opluchting', 'zin']",2.741979315,501,84,"['depressief', 'ongelukkig', 'aan_doen', 'akelig', 'angst', 'bang', 'pijn', 'ontgoochelen', 'gek', 'ongeluk', 'vrezen', 'verschrikkelijk', 'beangstigend', 'stress', 'ontgoocheld', 'eenzaam', 'cynisch', 'nerveus', 'beu', 'kut', 'verliezen', 'miserie', 'saai', 'teleur_stellen', 'missen', 'frustratie', 'grieperig', 'down', 'kapot', 'spijt', 'hongerig', 'ontevreden', 'fomo', 'erg', 'futloos', 'heimwee', 'stressvol', 'raken', 'twijfel', 'inspanning', 'ziek', 'frustreren', 'heftig', 'vervelen', 'nutteloos', 'moe', 'sluiten', 'vermoeiend', 'honger', 'last', 'schuld_gevoel', 'twijfelen', 'somber', 'verstoren', 'lastig', 'onzeker', 'zot', 'bemoeien', 'teleur', 'lui', 'gênant', 'schuldig', 'ambetant', 'twijfelachtig', 'spijtig', 'onaangenaam', 'onduidelijk', 'kwaad', 'demotiveren', 'ontgoocheling', 'af_wachten', 'uitdaging', 'pijnlijk', 'schuld', 'af_leiden', 'slecht', 'spanning', 'depressie', 'onnozel', 'verlies', 'schrik', 'frustrerend', 'onzekerheid', 'degoutant']",3.707074961,230042,4.010501931,1.730501931,19.5
!knzj fdvx,1123,82,"['focussen', 'gelukkig', 'gemak', 'steunen', 'amusant', 'gezellig', 'warm', 'vieren', 'verrassing', 'vrij', 'plezier', 'interessant', 'gerust', 'rustgevend', 'lekker', 'goed', 'interesse', 'leuk', 'voldoen', 'gezond', 'geïnteresseerd', 'succesvol', 'energie', 'grappig', 'gezelschap', 'wakker', 'blij', 'normaal', 'balanceren', 'actief', 'ontspannen', 'kalmeren', 'hoopvol', 'lief', 'ça_va', 'amuseren', 'dankbaar', 'liefde', 'hopen', 'hoop', 'motivatie', 'concentreren', 'interesseren', 'optimistisch', 'zeker', 'top', 'genieten', 'rust', 'uit_rusten', 'humor', 'aangenaam', 'positief', 'gerust_stellen', 'trots', 'fantastisch', 'concentratie', 'geruststellend', 'ontspannend', 'bon', 'duidelijkheid', 'motiveren', 'warmte', 'spannend', 'oké', 'verwonderen', 'rustig', 'gerust_stelling', 'vriendelijk', 'geweldig', 'prikkelen', 'tevreden', 'neutraal', 'nieuwsgierig', 'medeleven', 'geluk', 'productief', 'geduldig', 'enthousiast', 'zen', 'opluchting', 'zin', 'zelfvertrouwen']",3.104345906,642,84,"['depressief', 'moeizaam', 'stresserend', 'slecht_gezind', 'stresseren', 'stressen', 'ongelukkig', 'aan_doen', 'angst', 'verdriet', 'bang', 'pijn', 'schamen', 'negatief', 'miserabel', 'verschrikkelijk', 'stress', 'verdrietig', 'vermoeidheid', 'ellendig', 'eenzaam', 'vervelend', 'nerveus', 'teleurstellend', 'beu', 'verliezen', 'saai', 'teleur_stellen', 'kwetsend', 'overprikkeling', 'koortsig', 'missen', 'passief', 'frustratie', 'bad', 'kapot', 'spijt', 'ongerust', 'overprikkeld', 'intimideren', 'erg', 'raken', 'prikkelbaar', 'onvriendelijk', 'ziek', 'frustreren', 'nutteloos', 'moe', 'sluiten', 'haten', 'vermoeiend', 'honger', 'last', 'droevig', 'twijfelen', 'war', 'panikeren', 'kwalijk', 'lastig', 'onzeker', 'angstig', 'zot', 'belabberd', 'onverwacht', 'lui', 'conflict', 'boos', 'schuldig', 'bezorgen', 'overschaduwen', 'overprikkelen', 'spijtig', 'pijnlijk', 'spannen', 'miserable', 'slecht', 'spanning', 'irriterend', 'paniek', 'irriteren', 'verlies', 'schrik', 'beschadigen', 'frustrerend']",3.596367635,191389,4.562452107,2.316628352,18.5
!kvvb okma,860,85,"['energiek', 'focussen', 'gelukkig', 'verbinden', 'gemak', 'steunen', 'respecteren', 'veiligheid', 'gezellig', 'warm', 'vieren', 'verrassing', 'vrij', 'plezier', 'interessant', 'evenwicht', 'kalm', 'lekker', 'benieuwd', 'goed', 'nice', 'interesse', 'leuk', 'gezond', 'vertrouwen', 'geïnteresseerd', 'energie', 'grappig', 'rationeel', 'wakker', 'verrassend', 'good', 'blij', 'excited', 'verrassen', 'normaal', 'begrijpelijk', 'actief', 'ontspannen', 'stabiel', 'kalmeren', 'lief', 'chillen', 'ça_va', 'verbazen', 'beleven', 'hopen', 'hoop', 'concentreren', 'troost', 'prettig', 'appreciëren', 'interesseren', 'zeker', 'top', 'genieten', 'vrolijk', 'rust', 'uit_rusten', 'respect', 'verwarmen', 'aangenaam', 'hyper', 'tof', 'positief', 'verwelkomen', 'veilig', 'concentratie', 'bon', 'motiveren', 'bereid', 'deugd', 'spannend', 'oké', 'relaxen', 'verwonderen', 'rustig', 'vriendelijk', 'uit_kijken', 'cool', 'geluk', 'zelfzeker', 'sympathiek', 'productief', 'zin']",3.169136913,386,86,"['depressief', 'chaotisch', 'schok', 'ambeteren', 'stresserend', 'stresseren', 'stressen', 'triest', 'aan_doen', 'suffen', 'afleiding', 'bang', 'pijn', 'gek', 'confronteren', 'ongeluk', 'schrikken', 'agressief', 'stress', 'cynisch', 'pech', 'gestresseerd', 'verliezen', 'saai', 'teleur_stellen', 'negeren', 'missen', 'frustratie', 'onstabiel', 'weg_gooien', 'kapot', 'slaperig', 'achter_laten', 'wraak', 'erg', 'raken', 'twijfel', 'isolatie', 'storen', 'belachelijk', 'ziek', 'frustreren', 'heftig', 'gevecht', 'moe', 'sluiten', 'lijden', 'haten', 'honger', 'drukken', 'hopeloos', 'last', 'verminderen', 'droevig', 'zenuwachtig', 'emotioneel', 'kritiek', 'isoleren', 'lastig', 'angstig', 'ongeduldig', 'breken', 'boos', 'schuldig', 'bezorgen', 'ambetant', 'spijtig', 'onaangenaam', 'shockeren', 'kwaad', 'onnuttig', 'pijnlijk', 'overweldigen', 'uit_sluiten', 'af_leiden', 'slecht', 'blue', 'forceren', 'paniek', 'hatelijk', 'onproductief', 'woede', 'irriteren', 'verlies', 'schrik', 'frustrerend']",3.681617208,194581,2.542350427,0.945940171,23.33333333
!mhos zjmj,627,103,"['content', 'energiek', 'gelukkig', 'gemak', 'steunen', 'amusant', 'gezellig', 'drijven', 'warm', 'vieren', 'verrassing', 'interessant', 'boeien', 'luchtig', 'gerust', 'kalm', 'romantisch', 'lekker', 'surprise', 'chill', 'relaxed', 'zalig', 'benieuwd', 'goed', 'leuk', 'onschuldig', 'voldoen', 'gezond', 'zekerheid', 'fijn', 'vernieuwen', 'ontspanning', 'energie', 'rationeel', 'opgewekt', 'wakker', 'good', 'blij', 'focus', 'normaal', 'prima', 'ontspannen', 'stabiel', 'feestelijk', 'hoopvol', 'glorie', 'chillen', 'herstellen', 'amuseren', 'alright', 'beleven', 'bevestigen', 'voorzichtig', 'liefde', 'hopen', 'hoop', 'motivatie', 'happy', 'concentreren', 'vet', 'prettig', 'zeker', 'exciting', 'top', 'genieten', 'vrolijk', 'rust', 'na_genieten', 'uit_rusten', 'comfortabel', 'aangenaam', 'tof', 'gelukzalig', 'positief', 'veilig', 'trots', 'fantastisch', 'concentratie', 'attractie', 'rusten', 'ontspannend', 'fine', 'motiveren', 'warmte', 'deugd', 'plezant', 'spannend', 'oké', 'relaxen', 'rustig', 'heerlijk', 'tevreden', 'verrijken', 'neutraal', 'nieuwsgierig', 'geluk', 'macht', 'geconcentreerd', 'productief', 'enthousiast', 'zen', 'zin', 'mee_leven']",3.737785861,118,67,"['pittig', 'depressief', 'ongelukkig', 'triest', 'aan_doen', 'triggeren', 'pijn', 'waanzin', 'ongeluk', 'vrezen', 'stress', 'ontgoocheld', 'vermoeidheid', 'pech', 'nerveus', 'beu', 'verliezen', 'saai', 'waanzinnig', 'koortsig', 'missen', 'wisselvallig', 'bad', 'kapot', 'wreed', 'hongerig', 'erg', 'raken', 'inspanning', 'storen', 'onrustig', 'frustreren', 'heftig', 'vervelen', 'moe', 'sluiten', 'ernstig', 'overdrijven', 'last', 'zenuwachtig', 'emotioneel', 'twijfelen', 'kritiek', 'war', 'verstoren', 'zuur', 'lazy', 'lui', 'breken', 'rusteloos', 'conflict', 'boos', 'ambetant', 'verontrustend', 'spijtig', 'ontgoocheling', 'af_wachten', 'uitdaging', 'spannen', 'slecht', 'spanning', 'crazy', 'verlangen', 'doodop', 'verslag', 'frustrerend', 'vermoeid']",3.889929463,229912,4.455,0.762242991,25
!mjco oczp,915,79,"['content', 'spontaan', 'gelukkig', 'gemak', 'moed', 'helder', 'kracht', 'gezellig', 'warm', 'vieren', 'vrij', 'plezier', 'interessant', 'enthousiasme', 'lekker', 'chill', 'overtuigen', 'zalig', 'benieuwd', 'goed', 'leuk', 'voldoen', 'gezond', 'vertrouwen', 'fijn', 'ontspanning', 'energie', 'grappig', 'gezelschap', 'wakker', 'blij', 'normaal', 'prima', 'ontspannen', 'lief', 'fier', 'amuseren', 'dankbaar', 'voorzichtig', 'intiem', 'liefde', 'hopen', 'hoop', 'happy', 'concentreren', 'interesseren', 'zeker', 'genieten', 'vrolijk', 'rust', 'uit_rusten', 'aangenaam', 'tof', 'positief', 'verbazend', 'trots', 'fantastisch', 'concentratie', 'opluchtend', 'ontspannend', 'lust', 'amusement', 'motiveren', 'blijheid', 'deugd', 'plezant', 'spannend', 'goesting', 'oké', 'charme', 'rustig', 'heerlijk', 'geweldig', 'neutraal', 'productief', 'enthousiast', 'sexy', 'opluchting', 'zin']",2.64862445,315,68,"['pittig', 'depressief', 'paniekerig', 'moeheid', 'triest', 'aan_doen', 'angst', 'verdriet', 'introvert', 'afleiding', 'bang', 'pijn', 'gek', 'negatief', 'triestig', 'stress', 'verdrietig', 'vermoeidheid', 'verergeren', 'beu', 'vechten', 'impulsief', 'verliezen', 'miserie', 'saai', 'zielig', 'missen', 'frustratie', 'bad', 'kapot', 'spijt', 'tegenzin', 'erg', 'raken', 'storen', 'ziek', 'frustreren', 'vervelen', 'nutteloos', 'moe', 'sluiten', 'ernstig', 'overdrijven', 'ambetantigheid', 'vermoeiend', 'honger', 'last', 'irritant', 'twijfelen', 'kwalijk', 'lastig', 'smerig', 'boos', 'schuldig', 'bezorgen', 'ambetant', 'irritatie', 'kwaad', 'pijnlijk', 'kwetsen', 'af_leiden', 'slecht', 'spanning', 'wanhoop', 'doodop', 'reserveren', 'irriteren', 'verlies']",3.373474056,190816,5.170176678,1.334063604,20.83333333
!mouy nvhy,1067,82,"['content', 'energiek', 'focussen', 'gelukkig', 'verbinden', 'gemak', 'steunen', 'plezierig', 'gezellig', 'warm', 'verrassing', 'vrij', 'interessant', 'boeien', 'fresh', 'gerust', 'lekker', 'chill', 'benieuwd', 'goed', 'nice', 'leuk', 'gezond', 'zekerheid', 'fijn', 'op_warmen', 'energie', 'grappig', 'relativeren', 'wakker', 'good', 'blij', 'normaal', 'actief', 'stabiel', 'kalmeren', 'lief', 'chillen', 'ça_va', 'amuseren', 'voorzichtig', 'hopen', 'hoop', 'motivatie', 'happy', 'concentreren', 'prettig', 'interesseren', 'zeker', 'love', 'genieten', 'rust', 'sukkelen', 'aangenaam', 'tof', 'positief', 'verband', 'accepteren', 'ontspannend', 'fijngezind', 'bon', 'amusement', 'motiveren', 'goed_gezind', 'verstandig', 'deugd', 'plezant', 'spannend', 'goesting', 'oké', 'charme', 'rustig', 'vriendelijk', 'geweldig', 'uit_kijken', 'neutraal', 'cool', 'beter_gezind', 'geluk', 'productief', 'opluchting', 'zin']",3.084324802,399,72,"['moeizaam', 'rot', 'slecht_gezind', 'jaloers', 'stressen', 'aan_doen', 'afleiding', 'pijn', 'gek', 'schrikken', 'horror', 'vrezen', 'verdoven', 'stress', 'verdrietig', 'vermoeidheid', 'verbreken', 'pech', 'vervelend', 'beu', 'impulsief', 'kut', 'verliezen', 'miserie', 'dementeren', 'saai', 'teleur_stellen', 'missen', 'weg_gooien', 'kapot', 'wreed', 'tragisch', 'hongerig', 'op_draaien', 'erg', 'emotieloos', 'raken', 'ziek', 'frustreren', 'heftig', 'vervelen', 'moe', 'sluiten', 'haten', 'overdrijven', 'vermoeiend', 'laf', 'honger', 'last', 'hart_pijn', 'twijfelen', 'onverschillig', 'zot', 'teleur', 'ambetant', 'spijtig', 'low', 'kwaad', 'kwetsen', 'schuld', 'blesseren', 'slecht', 'rommelig', 'blue', 'spanning', 'absurd', 'schade', 'verslag', 'reserveren', 'schrik', 'goochelen', 'frustrerend']",3.433419438,199720,2.041404959,0.717438017,17.83333333
!mvdr evkz,1121,93,"['focussen', 'gelukkig', 'gemak', 'vreugde', 'moed', 'kracht', 'gezellig', 'warm', 'vieren', 'seksueel', 'verrassing', 'vrij', 'plezier', 'interessant', 'gerust', 'kalm', 'lekker', 'chill', 'zalig', 'benieuwd', 'nuchter', 'goed', 'leuk', 'voldoen', 'gezond', 'vertrouwen', 'excitement', 'geïnteresseerd', 'fijn', 'energie', 'grappig', 'relativeren', 'gezelschap', 'wakker', 'good', 'blij', 'excited', 'verrassen', 'normaal', 'actief', 'ontspannen', 'stabiel', 'lief', 'chillen', 'ça_va', 'verbazen', 'geliefd', 'amuseren', 'dankbaar', 'voorzichtig', 'liefde', 'hopen', 'hoop', 'motivatie', 'happy', 'zeker', 'exciting', 'top', 'genieten', 'rust', 'uit_rusten', 'comfortabel', 'humor', 'aangenaam', 'tof', 'positief', 'veilig', 'trots', 'concentratie', 'fine', 'bon', 'curieus', 'motiveren', 'goed_gezind', 'deugd', 'plezant', 'spannend', 'goesting', 'oké', 'verzekeren', 'rustig', 'tevreden', 'uit_kijken', 'neutraal', 'nieuwsgierig', 'cool', 'sympathiek', 'op_fleuren', 'productief', 'verliefd', 'enthousiast', 'zin', 'zelfvertrouwen']",3.131949341,445,97,"['depressief', 'moeizaam', 'paniekerig', 'slecht_gezind', 'ongelukkig', 'verveling', 'aan_doen', 'angst', 'verdriet', 'op_jagen', 'afleiding', 'traumatisch', 'pijn', 'neerslachtig', 'negatief', 'schrikken', 'verschrikkelijk', 'verdoven', 'stress', 'vermoeidheid', 'eenzaam', 'vervelend', 'beu', 'shockerend', 'kut', 'wazig', 'verliezen', 'saai', 'teleur_stellen', 'zielig', 'negeren', 'missen', 'frustratie', 'bad', 'down', 'beladen', 'kapot', 'boosheid', 'af_wijzen', 'erg', 'raken', 'stress_moment', 'storen', 'ziek', 'frustreren', 'heftig', 'vervelen', 'moe', 'vermoeiend', 'honger', 'doodsmoe', 'hopeloos', 'last', 'verminderen', 'droevig', 'trauma', 'emotioneel', 'geïrriteerd', 'irritant', 'somber', 'war', 'verstoren', 'lastig', 'onzeker', 'angstig', 'zot', 'onverwacht', 'ongeduldig', 'lui', 'breken', 'conflict', 'boos', 'schuldig', 'eng', 'kinderachtig', 'overprikkelen', 'eenzaamheid', 'irritatie', 'pijnlijk', 'spannen', 'kwetsen', 'af_leiden', 'slecht', 'spanning', 'minderen', 'forceren', 'paniek', 'onproductief', 'doodop', 'verslag', 'irriteren', 'verlies', 'schrik', 'beschadigen', 'frustrerend', 'onzekerheid', 'vermoeid']",3.781650658,184309,3.355708812,1.368735632,17
!mvqz ndps,695,57,"['energiek', 'gelukkig', 'blijdschap', 'gemak', 'vreugde', 'gezellig', 'warm', 'interessant', 'rustgevend', 'kalm', 'lekker', 'chill', 'relaxed', 'goed', 'leuk', 'voldoen', 'gezond', 'vertrouwen', 'geïnteresseerd', 'energie', 'opgewekt', 'gezelschap', 'wakker', 'blij', 'excited', 'ontspannen', 'lief', 'chillen', 'geliefd', 'herstellen', 'amuseren', 'dankbaar', 'hopen', 'happy', 'top', 'love', 'genieten', 'rust', 'energievol', 'na_genieten', 'uit_rusten', 'zelfverzekerd', 'gerust_stellen', 'trots', 'fantastisch', 'goed_gezind', 'deugd', 'oké', 'rustig', 'vriendelijk', 'geweldig', 'tevreden', 'cool', 'zelfzeker', 'productief', 'geduldig', 'zin']",2.945900366,189,31,"['stresseren', 'stressen', 'aan_doen', 'bang', 'miserabel', 'stress', 'ellendig', 'beu', 'gestresseerd', 'pissed', 'saai', 'koortsig', 'awkward', 'missen', 'slaperig', 'hongerig', 'futloos', 'raken', 'ziek', 'vervelen', 'moe', 'vermoeiend', 'honger', 'last', 'angstig', 'oninteressant', 'ambetant', 'langdradig', 'spannen', 'slecht', 'irriteren']",2.441189877,184723,6.761701245,1.962489627,25.33333333
!ncsx pyvd,1017,102,"['content', 'energiek', 'gelukkig', 'gemak', 'moed', 'kracht', 'gezellig', 'warm', 'vieren', 'vrij', 'energetisch', 'plezier', 'enthousiasme', 'gerust', 'rustgevend', 'ontstressen', 'lekker', 'relaxed', 'op_wekken', 'overtuigen', 'zalig', 'benieuwd', 'goed', 'relaxerend', 'interesse', 'vereren', 'leuk', 'betrekken', 'voldoen', 'gezond', 'vertrouwen', 'excitement', 'fijn', 'ontspanning', 'energie', 'gezelschap', 'wakker', 'blij', 'verrassen', 'normaal', 'actief', 'krachtig', 'prima', 'stimuleren', 'ontspannen', 'stabiel', 'feestelijk', 'genot', 'hoopvol', 'verheugen', 'geliefd', 'herstellen', 'fier', 'amuseren', 'dankbaar', 'beleven', 'liefde', 'hopen', 'hoop', 'motivatie', 'interesseren', 'zeker', 'top', 'genieten', 'euforie', 'rust', 'na_genieten', 'uit_rusten', 'zelfverzekerd', 'comfortabel', 'aangenaam', 'tof', 'positief', 'veilig', 'appreciatie', 'trots', 'fantastisch', 'concentratie', 'attractie', 'geruststellend', 'amusement', 'verheugd', 'motiveren', 'goed_gezind', 'deugd', 'plezant', 'goesting', 'oké', 'relaxen', 'nostalgie', 'rustig', 'gerust_stelling', 'heerlijk', 'geweldig', 'tevreden', 'dankbaarheid', 'geluk', 'productief', 'vooruit_kijken', 'enthousiast', 'zen', 'zin']",3.444159119,352,81,"['machteloos', 'chaotisch', 'stresserend', 'paniekerig', 'slecht_gezind', 'stresseren', 'ongelukkig', 'verveling', 'falen', 'pijn', 'schamen', 'ongeluk', 'schrikken', 'moedeloos', 'vrezen', 'oncomfortabel', 'stress', 'vermoeidheid', 'ellendig', 'eenzaam', 'onwetendheid', 'nerveus', 'teleurstellend', 'verliezen', 'vreselijk', 'teleur_stellen', 'wanhopig', 'missen', 'wisselvallig', 'frustratie', 'humeurig', 'kapot', 'piekeren', 'achter_laten', 'ongerust', 'hongerig', 'erg', 'futloos', 'raken', 'twijfel', 'inspanning', 'storen', 'onrustig', 'ziek', 'frustreren', 'vervelen', 'nutteloos', 'moe', 'sluiten', 'teleur_stelling', 'vermoeiend', 'moedeloosheid', 'drukken', 'droevig', 'zenuwachtig', 'irritant', 'twijfelen', 'somber', 'stroef', 'onzeker', 'angstig', 'teleur', 'ongeduldig', 'lui', 'eng', 'spijtig', 'woelig', 'irritatie', 'kwaad', 'nervositeit', 'af_wachten', 'uitdaging', 'spannen', 'slecht', 'spanning', 'paniek', 'verlangen', 'irriteren', 'schrik', 'frustrerend', 'onzekerheid']",3.638330309,200935,6.975227273,1.957916667,20.66666667
!ndqmsbxx,1848,153,"['energiek', 'bevrijden', 'focussen', 'gelukkig', 'vertrouwd', 'verbinden', 'blijdschap', 'gemak', 'vreugde', 'moed', 'steunen', 'helder', 'veiligheid', 'plezierig', 'respectvol', 'gezellig', 'drijven', 'warm', 'vieren', 'geluk_gevoel', 'vrij', 'plezier', 'hilarisch', 'interessant', 'boeien', 'evenwicht', 'ongetwijfeld', 'enthousiasme', 'gerust', 'rustgevend', 'lekker', 'cozy', 'overtuigen', 'zalig', 'benieuwd', 'goed', 'begripvol', 'bewonderen', 'interesse', 'leuk', 'gezelligheid', 'onschuldig', 'betrekken', 'fascinerend', 'voldoen', 'vertrouwen', 'fijn', 'vernieuwen', 'ontspanning', 'energie', 'grappig', 'machtig', 'wonderlijk', 'gezelschap', 'wakker', 'blij', 'verrassen', 'normaal', 'begrijpelijk', 'actief', 'prima', 'stimuleren', 'ontspannen', 'stabiel', 'kalmeren', 'hoopvol', 'lief', 'happiness', 'ça_va', 'verbazen', 'geliefd', 'herstellen', 'gemoed_rust', 'euforisch', 'leutig', 'ecstasy', 'fier', 'amuseren', 'dankbaar', 'samenhorigheid', 'waarderen', 'ontroerd', 'beleven', 'voorzichtig', 'liefde', 'hopen', 'hoop', 'wonder', 'happy', 'concentreren', 'verwachtingsvol', 'vreugdevol', 'appreciëren', 'interesseren', 'zeker', 'top', 'genieten', 'euforie', 'vrolijk', 'rust', 'na_genieten', 'uit_rusten', 'respect', 'verwarmen', 'waardering', 'aangenaam', 'tof', 'vrede', 'gelukzalig', 'positief', 'welzijn', 'veilig', 'appreciatie', 'gerust_stellen', 'verband', 'trots', 'fantastisch', 'intrigeren', 'ontspannend', 'bon', 'duidelijkheid', 'verwondering', 'verwenden', 'ondersteunen', 'warmte', 'deugd', 'plezant', 'spannend', 'oké', 'relaxen', 'verwonderen', 'rustig', 'evenwichtig', 'gerust_stelling', 'vriendelijk', 'heerlijk', 'geweldig', 'tevreden', 'uit_kijken', 'nieuwsgierig', 'medeleven', 'dankbaarheid', 'geluk', 'moedig', 'op_fleuren', 'productief', 'verliefd', 'opkikker', 'enthousiast', 'zen', 'opluchting', 'zin', 'zelfvertrouwen']",3.475580424,711,148,"['gevoelsmatig', 'machteloos', 'rot', 'onwennig', 'chaotisch', 'schok', 'stresseren', 'stressen', 'verwarrend', 'rusteloosheid', 'triest', 'wankelen', 'aan_doen', 'falen', 'akelig', 'angst', 'verdriet', 'triggeren', 'op_jagen', 'afleiding', 'radeloosheid', 'sprakeloos', 'bang', 'onmacht', 'pijn', 'schamen', 'gek', 'confronteren', 'negatief', 'kwetsbaar', 'ongeluk', 'miserabel', 'schrikken', 'zinloos', 'fijngevoelig', 'moedeloos', 'triestig', 'bedenkelijk', 'vrezen', 'verschrikkelijk', 'beangstigend', 'stress', 'verdrietig', 'confronterend', 'ontgoocheld', 'ontgoochelend', 'vermoeidheid', 'ellendig', 'beu', 'vechten', 'pissed', 'onwezenlijk', 'verliezen', 'saai', 'teleur_stellen', 'beangstigen', 'missen', 'frustratie', 'suf', 'beladen', 'kapot', 'boosheid', 'onveilig', 'honger_gevoel', 'piekeren', 'gevoelig', 'achter_laten', 'ongerust', 'onrust', 'hongerig', 'op_draaien', 'erg', 'ongeloof', 'emotieloos', 'stressvol', 'raken', 'bezorgdheid', 'storen', 'burn-out', 'onrustig', 'ziek', 'frustreren', 'heftig', 'vervelen', 'nutteloos', 'moe', 'sluiten', 'ernstig', 'lijden', 'vermoeiend', 'honger', 'supporteren', 'harteloos', 'ontwrichten', 'drukken', 'last', 'op_fokken', 'droevig', 'emotioneel', 'onbeleefd', 'kop_zorg', 'panikeren', 'nutteloosheid', 'onzeker', 'angstig', 'zot', 'belabberd', 'onverwacht', 'breken', 'rusteloos', 'boos', 'schuldig', 'bezorgen', 'verontrusten', 'twijfelachtig', 'spijtig', 'eenzaamheid', 'irritatie', 'kwaad', 'ontgoocheling', 'af_wachten', 'uitdaging', 'pijnlijk', 'verward', 'spannen', 'terughoudend', 'manipuleren', 'kwetsen', 'ravage', 'af_leiden', 'kritisch', 'kwaadheid', 'slecht', 'koppig', 'waakzaam', 'spanning', 'uit_dagen', 'paniek', 'wanhoop', 'verlangen', 'ergernis', 'onnozel', 'misbegrepen', 'verlies', 'schrik', 'beschadigen', 'frustrerend', 'onzekerheid']",4.25600805,180390,3.746819788,1.166007067,26.6
!nmdz heqr,551,60,"['content', 'focussen', 'gelukkig', 'gezellig', 'warm', 'troosten', 'vrij', 'plezier', 'interessant', 'lekker', 'chill', 'overtuigen', 'zalig', 'benieuwd', 'goed', 'nice', 'leuk', 'behulpzaam', 'gezond', 'vertrouwen', 'fijn', 'energie', 'grappig', 'wakker', 'good', 'blij', 'focus', 'normaal', 'ontspannen', 'kalmeren', 'lief', 'ça_va', 'amuseren', 'hopen', 'hoop', 'motivatie', 'concentreren', 'interesseren', 'zeker', 'genieten', 'uit_rusten', 'sukkelen', 'aangenaam', 'veilig', 'concentratie', 'motiveren', 'bereid', 'plezant', 'goesting', 'oké', 'relaxen', 'harmonie', 'rustig', 'uit_kijken', 'cool', 'beter_gezind', 'geluk', 'verfrist', 'opluchting', 'zin']",2.944911741,225,63,"['pittig', 'moeizaam', 'rot', 'chaotisch', 'slecht_gezind', 'jaloers', 'stressen', 'ongelukkig', 'aan_doen', 'pijn', 'gek', 'ongeluk', 'verschrikkelijk', 'stress', 'cynisch', 'maf', 'vervelend', 'beu', 'pissed', 'kut', 'verliezen', 'miserie', 'saai', 'missen', 'keuze_stress', 'bad', 'kapot', 'spijt', 'op_draaien', 'erg', 'raken', 'ziek', 'frustreren', 'vervelen', 'moe', 'haten', 'vermoeiend', 'honger', 'last', 'verminderen', 'zenuwachtig', 'irritant', 'twijfelen', 'war', 'panikeren', 'zot', 'breken', 'ontmoedigen', 'teneergeslagen', 'boos', 'schuldig', 'ambetant', 'spijtig', 'onaangenaam', 'onduidelijk', 'kwaad', 'af_wachten', 'uitdaging', 'af_leiden', 'slecht', 'onnozel', 'schrik', 'frustrerend']",3.491656973,227017,3.031406844,1.242623574,22.5
!nmex oabc,571,78,"['energiek', 'focussen', 'gelukkig', 'gemak', 'waardevol', 'moed', 'gemoedelijk', 'gezellig', 'warm', 'vieren', 'vrij', 'plezier', 'evenwicht', 'enthousiasme', 'gerust', 'ontstressen', 'zalig', 'goed', 'gezelligheid', 'voldoen', 'gezond', 'vertrouwen', 'fijn', 'ontspanning', 'op_warmen', 'energie', 'rationeel', 'opgewekt', 'relativeren', 'wakker', 'blij', 'normaal', 'actief', 'ontspannen', 'stabiel', 'lief', 'connectie', 'geliefd', 'herstellen', 'amuseren', 'dankbaar', 'hopen', 'anticipatie', 'hoop', 'motivatie', 'concentreren', 'magisch', 'genieten', 'rust', 'uit_rusten', 'comfortabel', 'aangenaam', 'gelukzalig', 'positief', 'liefdevol', 'veilig', 'trots', 'concentratie', 'accepteren', 'geruststellend', 'ontspannend', 'zelfstandigheid', 'motiveren', 'warmte', 'deugd', 'spannend', 'oké', 'comfort', 'rustig', 'heerlijk', 'tevreden', 'uit_kijken', 'aanlokkelijk', 'geluk', 'op_fleuren', 'productief', 'opluchting', 'zin']",3.487302454,257,80,"['pittig', 'moeizaam', 'chaotisch', 'paniekerig', 'stressen', 'verveling', 'rusteloosheid', 'falen', 'angst', 'afleiding', 'bang', 'pijn', 'gek', 'negatief', 'stress', 'verdrietig', 'vermoeidheid', 'vervelend', 'nerveus', 'teleurstellend', 'gestresseerd', 'verliezen', 'teleur_stellen', 'onbelangrijk', 'overprikkeling', 'beangstigen', 'wanhopig', 'negeren', 'missen', 'frustratie', 'suf', 'spijt', 'tegenzin', 'erg', 'stressvol', 'raken', 'twijfel', 'inspanning', 'storen', 'onrustig', 'ziek', 'frustreren', 'vervelen', 'moe', 'overdrijven', 'vermoeiend', 'last', 'verminderen', 'emotioneel', 'kop_zorg', 'verlaten', 'war', 'kwalijk', 'zuur', 'angstig', 'onverwacht', 'lui', 'rusteloos', 'ontmoedigen', 'teneergeslagen', 'bezorgen', 'alertheid', 'verontrustend', 'overprikkelen', 'uit_blussen', 'ontmoedig', 'uitdaging', 'overweldigen', 'uitputting', 'af_leiden', 'slecht', 'spanning', 'verlangen', 'onproductief', 'benauwd', 'doodop', 'onnozel', 'irriteren', 'schrik', 'frustrerend']",3.831745764,191596,4.198266129,1.972298387,22.66666667
!nnxz sxpt,1245,75,"['content', 'focussen', 'gelukkig', 'verbinden', 'moed', 'gezellig', 'warm', 'vieren', 'verrassing', 'vrij', 'plezier', 'interessant', 'kalm', 'lekker', 'relaxed', 'overtuigen', 'benieuwd', 'goed', 'nice', 'interesse', 'leuk', 'veelbelovend', 'betrekken', 'voldoen', 'vertrouwen', 'fijn', 'op_warmen', 'viering', 'energie', 'grappig', 'rationeel', 'machtig', 'wakker', 'inspireren', 'blij', 'focus', 'verrassen', 'normaal', 'prima', 'stabiel', 'lief', 'hopen', 'hoop', 'zeker', 'exciting', 'genieten', 'rust', 'uit_rusten', 'zelfverzekerd', 'respect', 'humor', 'hyper', 'positief', 'verwelkomen', 'veilig', 'verband', 'accepteren', 'duidelijkheid', 'warmte', 'spannend', 'oké', 'verzekeren', 'relaxen', 'pret', 'charme', 'rustig', 'geweldig', 'power', 'tevreden', 'uit_kijken', 'neutraal', 'productief', 'enthousiast', 'zin', 'zelfvertrouwen']",3.03779847,232,74,"['versleten', 'chaotisch', 'gêne', 'breinloos', 'aan_doen', 'op_jagen', 'afleiding', 'beklemmen', 'schamen', 'gek', 'negatief', 'ongeluk', 'schrikken', 'vrezen', 'verschrikkelijk', 'stress', 'verdrietig', 'verbreken', 'pech', 'vervelend', 'dwingen', 'gestresseerd', 'kut', 'verliezen', 'vreselijk', 'saai', 'negeren', 'missen', 'paranoia', 'haastig', 'achter_laten', 'uitzichtloos', 'wraak', 'erg', 'raken', 'twijfel', 'storen', 'ziek', 'frustreren', 'moe', 'teleur_stelling', 'overdrijven', 'schaamte', 'drukken', 'last', 'zenuwachtig', 'geïrriteerd', 'irritant', 'twijfelen', 'verlaten', 'war', 'verstoren', 'lastig', 'onzeker', 'zot', 'onverwacht', 'breken', 'krap', 'gruwelijk', 'schuldig', 'eng', 'over_werken', 'paranoïd', 'onduidelijk', 'spannen', 'kritisch', 'slecht', 'forceren', 'verlangen', 'pissig', 'irriteren', 'verlies', 'frustrerend', 'onzekerheid']",3.330697127,179910,2.693818182,0.579672727,19
!nrxy bwdq,1100,83,"['content', 'energiek', 'gelukkig', 'vertrouwd', 'gemak', 'moed', 'steunen', 'kracht', 'gezellig', 'warm', 'geluk_gevoel', 'verrassing', 'plezier', 'hilarisch', 'interessant', 'luchtig', 'lekker', 'chill', 'benieuwd', 'goed', 'interesse', 'leuk', 'voldoen', 'gezond', 'energie', 'grappig', 'opgewekt', 'gezelschap', 'wakker', 'blij', 'excited', 'verrassen', 'normaal', 'actief', 'confidence', 'ontspannen', 'kalmeren', 'lief', 'chillen', 'ça_va', 'amuseren', 'cute', 'dankbaar', 'bevestigen', 'hopen', 'hoop', 'motivatie', 'happy', 'concentreren', 'zeker', 'exciting', 'top', 'love', 'genieten', 'rust', 'energievol', 'uit_rusten', 'respect', 'humor', 'aangenaam', 'tof', 'positief', 'welzijn', 'trots', 'fantastisch', 'bon', 'verwenden', 'motiveren', 'goed_gezind', 'deugd', 'spannend', 'goesting', 'oké', 'pret', 'rustig', 'vriendelijk', 'prikkelen', 'uit_kijken', 'neutraal', 'geluk', 'productief', 'enthousiast', 'zin']",3.09666611,412,82,"['denigrerend', 'machteloos', 'rot', 'schok', 'stresserend', 'stressen', 'ongelukkig', 'aan_doen', 'op_jagen', 'bang', 'pijn', 'negatief', 'ongeluk', 'verschrikkelijk', 'stress', 'verdrietig', 'vermoeidheid', 'verbreken', 'vervelend', 'nerveus', 'kut', 'wazig', 'verliezen', 'saai', 'teleur_stellen', 'ondankbaar', 'missen', 'bad', 'down', 'kapot', 'spijt', 'piekeren', 'wreed', 'haastig', 'grumpy', 'choqueren', 'erg', 'futloos', 'raken', 'bezorgdheid', 'storen', 'belachelijk', 'verwarren', 'ziek', 'frustreren', 'uitputtend', 'moe', 'hekel', 'teleur_stelling', 'chagrijnig', 'haten', 'vermoeiend', 'sad', 'honger', 'last', 'op_fokken', 'emotioneel', 'twijfelen', 'verlaten', 'panikeren', 'overstuur', 'lastig', 'kribbig', 'boos', 'schuldig', 'bezorgen', 'duizelig', 'ambetant', 'overprikkelen', 'low', 'shockeren', 'irritatie', 'gehumeurd', 'kwaad', 'demotiveren', 'slecht', 'paniek', 'doodop', 'schade', 'irriteren', 'melancholisch', 'vermoeid']",3.106822105,182701,3.763266129,0.962419355,14.83333333
!nszh vyez,1065,69,"['energiek', 'spontaan', 'focussen', 'gelukkig', 'blijdschap', 'gemak', 'moed', 'gezellig', 'vieren', 'troosten', 'vrij', 'interessant', 'boeien', 'gerust', 'kalm', 'lekker', 'overtuigen', 'benieuwd', 'goed', 'begripvol', 'leuk', 'voldoen', 'vertrouwen', 'fijn', 'energie', 'grappig', 'wakker', 'blij', 'verrassen', 'normaal', 'motiverend', 'ontspannen', 'lief', 'chillen', 'ça_va', 'herstellen', 'hopen', 'hoop', 'motivatie', 'concentreren', 'interesseren', 'zeker', 'top', 'genieten', 'rust', 'uit_rusten', 'zorgeloos', 'tof', 'positief', 'welzijn', 'gerust_stellen', 'trots', 'concentratie', 'geruststellend', 'ontspannend', 'duidelijkheid', 'motiveren', 'spannend', 'goesting', 'oké', 'rustig', 'gerust_stelling', 'geweldig', 'uit_kijken', 'neutraal', 'geluk', 'productief', 'enthousiast', 'zin']",3.106500194,320,51,"['stresserend', 'stresseren', 'stressen', 'verwarrend', 'aan_doen', 'afleiding', 'examen_stress', 'pijn', 'gek', 'vrezen', 'agressief', 'stress', 'verdrietig', 'confronterend', 'vervelend', 'gestresseerd', 'impulsief', 'verliezen', 'saai', 'teleur_stellen', 'missen', 'bad', 'down', 'slaperig', 'erg', 'raken', 'ziek', 'heftig', 'moe', 'teleur_stelling', 'overdrijven', 'honger', 'last', 'emotioneel', 'twijfelen', 'verlaten', 'war', 'lastig', 'onzeker', 'oninteressant', 'conflict', 'gênant', 'schuldig', 'langdradig', 'af_wachten', 'uitdaging', 'spannen', 'af_leiden', 'slecht', 'spanning', 'onnozel']",2.927155804,191605,4.364690909,0.863927273,19.66666667
!ntvs suvt,1676,82,"['content', 'focussen', 'gelukkig', 'gemak', 'steunen', 'tam', 'gezellig', 'drijven', 'warm', 'vieren', 'verrassing', 'vrij', 'interessant', 'boeien', 'gerust', 'kalm', 'lekker', 'chill', 'op_wekken', 'overtuigen', 'zalig', 'benieuwd', 'nuchter', 'goed', 'nice', 'leuk', 'gezond', 'vertrouwen', 'zekerheid', 'fijn', 'energie', 'grappig', 'wakker', 'blij', 'excited', 'normaal', 'actief', 'hoopvol', 'chillen', 'ça_va', 'amuseren', 'dankbaar', 'vastberaden', 'hopen', 'hoop', 'motivatie', 'happy', 'vet', 'zeker', 'top', 'genieten', 'euforie', 'vrolijk', 'rust', 'sentimenteel', 'uit_rusten', 'respect', 'aangenaam', 'tof', 'positief', 'veilig', 'gerust_stellen', 'trots', 'concentratie', 'fijngezind', 'bon', 'ondersteunen', 'nostalgisch', 'deugd', 'spannend', 'oké', 'rustig', 'vriendelijk', 'heerlijk', 'geweldig', 'tevreden', 'uit_kijken', 'cool', 'geluk', 'productief', 'zen', 'zin']",3.066968755,280,80,"['rot', 'chaotisch', 'jaloers', 'stressen', 'verveling', 'aan_doen', 'akelig', 'onproductiviteit', 'verdriet', 'op_jagen', 'pijn', 'schamen', 'gek', 'negatief', 'ongeluk', 'schrikken', 'vrezen', 'agressief', 'stress', 'verdrietig', 'vervelend', 'teleurstellend', 'impulsief', 'kut', 'verliezen', 'vreselijk', 'saai', 'missen', 'onstabiel', 'down', 'kapot', 'erg', 'stressvol', 'raken', 'bezorgdheid', 'storen', 'burn-out', 'onrustig', 'ziek', 'frustreren', 'heftig', 'gevecht', 'vervelen', 'moe', 'sluiten', 'lijden', 'ergeren', 'stressig', 'vermoeiend', 'honger', 'supporteren', 'schaamte', 'zenuwachtig', 'emotioneel', 'twijfelen', 'war', 'overstuur', 'kwalijk', 'angstig', 'zot', 'smerig', 'onverwacht', 'gruwelijk', 'schuldig', 'duizelig', 'kinderachtig', 'spijtig', 'low', 'uit_sluiten', 'bedreigen', 'schuld', 'af_leiden', 'slecht', 'spanning', 'onproductief', 'schade', 'reserveren', 'bitter', 'schrik', 'frustrerend']",3.721571975,221877,2.771713147,0.637131474,22.83333333
!oemt fvym,1334,122,"['energiek', 'bevrijden', 'gelukkig', 'vertrouwd', 'verbinden', 'blijdschap', 'gemak', 'energietisch', 'waardevol', 'vreugde', 'moed', 'ontluchten', 'gemoedelijk', 'zelfmedelijd', 'gezellig', 'warm', 'vieren', 'troosten', 'seksueel', 'verrassing', 'vrij', 'plezier', 'interessant', 'boeien', 'enthousiasme', 'gerust', 'op_peppen', 'kalm', 'lekker', 'chill', 'zalig', 'benieuwd', 'goed', 'leuk', 'prikkelend', 'voldoen', 'gezond', 'vertrouwen', 'zekerheid', 'fijn', 'ontspanning', 'beloftevol', 'energie', 'grappig', 'rationeel', 'wakker', 'betekenisvol', 'gereed', 'blij', 'excited', 'focus', 'ontspannenheid', 'normaal', 'actief', 'prima', 'stimuleren', 'ontspannen', 'stabiel', 'feestelijk', 'kalmeren', 'hoopvol', 'lief', 'chillen', 'op_wenden', 'herstellen', 'amuseren', 'dankbaar', 'activeren', 'bevestigen', 'voorzichtig', 'liefde', 'hopen', 'hoop', 'happy', 'prettig', 'interesseren', 'zeker', 'genieten', 'euforie', 'vrolijk', 'rust', 'uit_rusten', 'comfortabel', 'verwarmen', 'moeien', 'aangenaam', 'hyper', 'tof', 'positief', 'welzijn', 'ontprikkelend', 'veilig', 'trots', 'attractie', 'geruststellend', 'ontspannend', 'bon', 'verwenden', 'ondersteunen', 'warmte', 'blijheid', 'deugd', 'plezant', 'spannend', 'vrijheid', 'oké', 'charme', 'rustig', 'heerlijk', 'prikkelen', 'tevreden', 'uit_kijken', 'nieuwsgierig', 'dankbaarheid', 'sympathiek', 'verbinding', 'productief', 'ontprikkelen', 'verliefd', 'geduldig', 'enthousiast', 'zin']",3.733458323,752,133,"['pittig', 'moeizaam', 'paniekerig', 'slecht_gezind', 'jaloers', 'moeheid', 'stressen', 'aan_doen', 'angst', 'verdriet', 'triggeren', 'rancuneus', 'bang', 'pijn', 'gek', 'confronteren', 'neerslachtig', 'waanzin', 'negatief', 'kwetsbaar', 'ongeluk', 'triestig', 'verschrikkelijk', 'stress', 'paniek_aanval', 'verdrietig', 'confronterend', 'vermoeidheid', 'eenzaam', 'vervelend', 'nerveus', 'teleurstellend', 'beu', 'gestresseerd', 'verliezen', 'saai', 'teleur_stellen', 'onbelangrijk', 'zielig', 'negeren', 'koortsig', 'missen', 'passief', 'bad', 'suf', 'kapot', 'onveilig', 'luiheid', 'spijt', 'griezelig', 'gevoelig', 'wreed', 'achter_laten', 'ongerust', 'labiel', 'onrust', 'overprikkeld', 'ontevreden', 'erg', 'raken', 'bezorgdheid', 'stress_moment', 'storen', 'onrustig', 'ziek', 'frustreren', 'vervelen', 'moe', 'sluiten', 'lijden', 'teleur_stelling', 'angst_reactie', 'ergeren', 'vermoeiend', 'dramatisch', 'honger', 'hysterisch', 'last', 'op_fokken', 'droevig', 'bedriegen', 'zenuwachtig', 'emotioneel', 'twijfelen', 'verlaten', 'verstoren', 'lastig', 'onzeker', 'angstig', 'zot', 'belabberd', 'onverwacht', 'lui', 'breken', 'over_slaan', 'ontmoedigen', 'wroeging', 'boos', 'schuldig', 'bezorgen', 'eng', 'huilerig', 'overschaduwen', 'ambetant', 'overprikkelen', 'spijtig', 'eenzaamheid', 'onaangenaam', 'fragiel', 'kwaad', 'stressreactie', 'demotiveren', 'lastig_vallen', 'uitdaging', 'overweldigen', 'kwetsen', 'slecht', 'rommelig', 'waakzaam', 'spanning', 'minderen', 'spannendheid', 'uit_dagen', 'paniek', 'verlangen', 'walgelijk', 'ergernis', 'onnozel', 'reserveren', 'kwetsbaarheid', 'frustrerend', 'onzekerheid', 'perfectionistisch']",4.022698711,179559,2.88057971,1.395724638,22.4
!okaj ggye,940,106,"['focussen', 'gelukkig', 'gemak', 'energietisch', 'moed', 'helder', 'kracht', 'veiligheid', 'gezellig', 'drijven', 'warm', 'vieren', 'verrassing', 'vrij', 'plezier', 'interessant', 'boeien', 'gerust', 'rustgevend', 'lekker', 'chill', 'benieuwd', 'goed', 'relaxerend', 'interesse', 'leuk', 'onschuldig', 'voldoen', 'gezond', 'vertrouwen', 'zekerheid', 'fijn', 'ontspanning', 'op_warmen', 'energie', 'rationeel', 'relativeren', 'wakker', 'good', 'blij', 'excited', 'focus', 'verrassen', 'normaal', 'impressionant', 'krachtig', 'ontspannen', 'kalmeren', 'lief', 'chillen', 'romantiek', 'ça_va', 'amuseren', 'beleven', 'bevestigen', 'liefde', 'hopen', 'hoop', 'motivatie', 'happy', 'concentreren', 'appreciëren', 'interesseren', 'zeker', 'genieten', 'rust', 'uit_rusten', 'lustig', 'sukkelen', 'verwarmen', 'moeien', 'aangenaam', 'tof', 'vrede', 'positief', 'veilig', 'trots', 'accepteren', 'intrigeren', 'ontspannend', 'fine', 'bon', 'joy', 'duidelijkheid', 'competent', 'goed_gezind', 'plezant', 'spannend', 'goesting', 'oké', 'comfort', 'verzekeren', 'nostalgie', 'rustig', 'gerust_stelling', 'vriendelijk', 'heerlijk', 'geweldig', 'prikkelen', 'tevreden', 'uit_kijken', 'geluk', 'geduldig', 'enthousiast', 'opluchting', 'zin']",3.370816903,436,90,"['rottig', 'ambeteren', 'stresserend', 'slecht_gezind', 'stressen', 'aan_doen', 'angst', 'bang', 'pijn', 'schamen', 'confronteren', 'negatief', 'ongeluk', 'vrezen', 'oncomfortabel', 'stress', 'confronterend', 'vermoeidheid', 'eenzaam', 'verergeren', 'vechten', 'gestresseerd', 'pissed', 'wazig', 'verliezen', 'saai', 'teleur_stellen', 'zielig', 'beangstigen', 'wanhopig', 'negeren', 'missen', 'frustratie', 'bad', 'weg_gooien', 'down', 'kapot', 'verdwaasd', 'achter_laten', 'erg', 'raken', 'twijfel', 'storen', 'belachelijk', 'burn-out', 'ziek', 'frustreren', 'heftig', 'gevecht', 'vervelen', 'nutteloos', 'moe', 'hekel', 'teleur_stelling', 'pessimistisch', 'vermoeiend', 'honger', 'last', 'verminderen', 'zenuwachtig', 'emotioneel', 'schuld_gevoel', 'twijfelen', 'panikeren', 'verstoren', 'lastig', 'onzeker', 'angstig', 'zot', 'ongeduldig', 'over_slaan', 'schuldig', 'bezorgen', 'ambetant', 'kwaad', 'af_wachten', 'pijnlijk', 'overweldigen', 'kwetsen', 'slecht', 'blue', 'forceren', 'paniek', 'verwarring', 'doodop', 'verslag', 'irriteren', 'schrik', 'frustrerend', 'onzekerheid']",3.700821651,183994,2.496849817,0.844542125,13.5
!ordj efdq,2311,139,"['content', 'energiek', 'spontaan', 'bevrijden', 'focussen', 'collegiaal', 'gelukkig', 'vertrouwd', 'verbinden', 'gemak', 'moed', 'steunen', 'helder', 'plezierig', 'respectvol', 'gezellig', 'warm', 'vieren', 'troosten', 'verrassing', 'vrij', 'plezier', 'hilarisch', 'interessant', 'luchtig', 'ongetwijfeld', 'enthousiasme', 'gerust', 'rustgevend', 'kalm', 'lekker', 'op_wekken', 'overtuigen', 'zalig', 'benieuwd', 'goed', 'interesse', 'leuk', 'behulpzaam', 'gezelligheid', 'betrekken', 'voldoen', 'gezond', 'vertrouwen', 'zekerheid', 'fijn', 'ontspanning', 'op_warmen', 'energie', 'grappig', 'rationeel', 'opgewekt', 'relativeren', 'gezelschap', 'wakker', 'contentement', 'inspireren', 'blij', 'verrassen', 'normaal', 'actief', 'motiverend', 'prima', 'ontspannen', 'lief', 'verbondenheid', 'op_wenden', 'connectie', 'ça_va', 'geliefd', 'amuseren', 'dankbaar', 'beleven', 'liefde', 'hopen', 'hoop', 'nonchalant', 'aanmoediging', 'concentreren', 'appreciëren', 'optimistisch', 'zeker', 'top', 'genieten', 'vrolijk', 'rust', 'uit_rusten', 'sukkelen', 'zorgeloos', 'respect', 'waardering', 'aangenaam', 'hyper', 'tof', 'positief', 'ambitieus', 'welzijn', 'verbazend', 'appreciatie', 'verband', 'trots', 'fantastisch', 'concentratie', 'rusten', 'ontspannend', 'bon', 'duidelijkheid', 'verwenden', 'motiveren', 'goed_gezind', 'blijheid', 'verstandig', 'deugd', 'plezant', 'spannend', 'vrijheid', 'goesting', 'oké', 'rustig', 'ongestoord', 'evenwichtig', 'vriendelijk', 'heerlijk', 'geweldig', 'prikkelen', 'tevreden', 'verrijken', 'uit_kijken', 'geluk', 'sympathiek', 'productief', 'verliefd', 'opkikker', 'geduldig', 'vooruit_kijken', 'enthousiast', 'opluchting', 'deugd_doend', 'zin']",3.548487176,633,128,"['pittig', 'machteloos', 'rot', 'stresserend', 'stressen', 'ongelukkig', 'aan_doen', 'bang', 'pijn', 'gek', 'confronteren', 'negatief', 'hyperactief', 'schrikken', 'moedeloos', 'dreigen', 'defensief', 'vrezen', 'verschrikkelijk', 'stress', 'vermoeidheid', 'ellendig', 'eenzaam', 'nerveus', 'beu', 'gestresseerd', 'impulsief', 'verliezen', 'ergerlijk', 'vreselijk', 'saai', 'teleur_stellen', 'zielig', 'koortsig', 'missen', 'frustratie', 'bad', 'kapot', 'slaperig', 'gemakzucht', 'piekeren', 'gevoelig', 'wreed', 'achter_laten', 'af_wijzen', 'ongerust', 'hongerig', 'erg', 'raken', 'twijfel', 'storen', 'onvriendelijk', 'belachelijk', 'onrustig', 'ziek', 'gevecht', 'vervelen', 'nutteloos', 'op_schrikken', 'moe', 'puzzelen', 'jagen', 'sluiten', 'op_rommelen', 'ergeren', 'haten', 'overdrijven', 'vermoeiend', 'dramatisch', 'honger', 'drukken', 'hopeloos', 'last', 'verminderen', 'droevig', 'haat', 'zenuwachtig', 'af_haken', 'emotioneel', 'irritant', 'twijfelen', 'verkrampen', 'verlaten', 'isoleren', 'lastig', 'onzeker', 'zuur', 'angstig', 'zot', 'ongeduldig', 'lui', 'breken', 'conflict', 'gruwelijk', 'boos', 'ambetant', 'overprikkelen', 'spijtig', 'onaangenaam', 'onduidelijk', 'kwaad', 'af_wachten', 'uitdaging', 'pijnlijk', 'overmoedig', 'kwetsen', 'schuld', 'af_leiden', 'kritisch', 'slecht', 'generen', 'spanning', 'minderen', 'forceren', 'uit_dagen', 'paniek', 'hatelijk', 'verlangen', 'depressie', 'absurd', 'onnozel', 'verslag', 'belasten', 'misbegrepen', 'irriteren', 'schrik', 'frustrerend', 'onzekerheid']",4.015196248,180819,3.303514493,0.82807971,24.2
!ovfv fmmb,669,51,"['fun', 'energiek', 'gelukkig', 'gemak', 'moed', 'amusant', 'gezellig', 'vrij', 'interessant', 'gerust', 'lekker', 'goed', 'nice', 'interesse', 'leuk', 'zekerheid', 'fijn', 'ontspanning', 'energie', 'wakker', 'good', 'anticiperen', 'blij', 'normaal', 'chilling', 'ontspannen', 'ça_va', 'herstellen', 'fier', 'alright', 'hopen', 'hoop', 'zeker', 'love', 'genieten', 'rust', 'energievol', 'uit_rusten', 'moeien', 'tof', 'accepteren', 'bon', 'blijheid', 'deugd', 'spannend', 'oké', 'rustig', 'tevreden', 'neutraal', 'productief', 'zin']",2.662676023,283,34,"['versleten', 'pittig', 'stresserend', 'moeheid', 'stresseren', 'traumatisch', 'pijn', 'ongeluk', 'vrezen', 'stress', 'vechten', 'verliezen', 'saai', 'missen', 'bad', 'onrust', 'tragisch', 'erg', 'raken', 'ziek', 'moe', 'dramatisch', 'honger', 'last', 'irritant', 'twijfelen', 'lastig', 'lui', 'boos', 'lastig_vallen', 'slecht', 'crazy', 'reserveren', 'irriteren']",2.429273718,207609,2.046942446,0.797266187,17.66666667
!powy tzjr,372,50,"['spontaan', 'focussen', 'gelukkig', 'gemak', 'moed', 'gezellig', 'warm', 'vieren', 'vrij', 'interessant', 'gerust', 'kalm', 'lekker', 'relaxed', 'goed', 'leuk', 'betrekken', 'gezond', 'fijn', 'ontspanning', 'energie', 'wakker', 'verrassend', 'blij', 'focus', 'verrassen', 'normaal', 'motiverend', 'ontspannen', 'hopen', 'motivatie', 'concentreren', 'zeker', 'top', 'rust', 'uit_rusten', 'comfortabel', 'aangenaam', 'tof', 'trots', 'concentratie', 'motiveren', 'warmte', 'verstandig', 'spannend', 'oké', 'rustig', 'productief', 'indrukwekkend', 'zin']",3.188357426,165,62,"['aan_doen', 'bang', 'examen_stress', 'pijn', 'gek', 'negatief', 'ongeluk', 'horror', 'vrezen', 'stress', 'vermoeidheid', 'pech', 'nerveus', 'misselijkheid', 'verliezen', 'saai', 'awkward', 'kapot', 'slaperig', 'faal_angst', 'spijt', 'gevoelig', 'erg', 'raken', 'storen', 'ziek', 'heftig', 'vervelen', 'nutteloos', 'moe', 'sluiten', 'lijden', 'haten', 'vermoeiend', 'dramatisch', 'honger', 'last', 'verminderen', 'emotioneel', 'somber', 'betwijfelen', 'lastig', 'angstig', 'lui', 'demotiverend', 'boos', 'schuldig', 'bezorgen', 'verontrusten', 'eng', 'onaangenaam', 'waardeloos', 'schuld', 'af_leiden', 'zorgwekkend', 'slecht', 'duizeligheid', 'spanning', 'forceren', 'verwarring', 'depressie', 'frustrerend']",3.391407525,231538,2.881193416,1.025514403,20.66666667
!ppec paam,1256,75,"['content', 'gelukkig', 'gemak', 'gezellig', 'warm', 'vieren', 'verrassing', 'vrij', 'plezier', 'interessant', 'boeien', 'gerust', 'lekker', 'chill', 'zalig', 'benieuwd', 'nuchter', 'goed', 'relaxant', 'nice', 'leuk', 'gezond', 'vertrouwen', 'zekerheid', 'fijn', 'succesvol', 'energie', 'grappig', 'machtig', 'wakker', 'blij', 'verrassen', 'normaal', 'actief', 'ontspannen', 'lief', 'op_pompen', 'chillen', 'connectie', 'ça_va', 'herstellen', 'amuseren', 'hopen', 'hoop', 'motivatie', 'happy', 'prettig', 'zeker', 'top', 'love', 'genieten', 'rust', 'uit_rusten', 'aangenaam', 'tof', 'positief', 'verband', 'fantastisch', 'lust', 'bon', 'verwenden', 'spannend', 'goesting', 'oké', 'relaxen', 'rustig', 'vriendelijk', 'geweldig', 'tevreden', 'uit_kijken', 'geluk', 'verbinding', 'productief', 'enthousiast', 'zin']",3.066925071,229,64,"['pittig', 'depressief', 'verwarrend', 'aan_doen', 'bang', 'pijn', 'gek', 'negatief', 'ongeluk', 'vrezen', 'verdoven', 'agressief', 'stress', 'vermoeidheid', 'in_trekken', 'pech', 'vervelend', 'beu', 'vechten', 'verliezen', 'miserie', 'saai', 'missen', 'frustratie', 'bad', 'kapot', 'haastig', 'hongerig', 'erg', 'raken', 'ziek', 'nutteloos', 'moe', 'lijden', 'ergeren', 'overdrijven', 'vermoeiend', 'honger', 'drukken', 'verlaten', 'kwalijk', 'lastig', 'zuur', 'smerig', 'lui', 'breken', 'over_slaan', 'bezorgen', 'low', 'verslaan', 'kwaad', 'onzin', 'af_wachten', 'pijnlijk', 'slecht', 'blue', 'spanning', 'minderen', 'agressie', 'verslag', 'reserveren', 'bitter', 'verlies', 'frustrerend']",3.416641095,200599,3.189702602,0.697546468,25.33333333
!qctv aujy,868,61,"['focussen', 'gelukkig', 'waardevol', 'warm', 'vrij', 'interessant', 'boeien', 'gerust', 'rustgevend', 'kalm', 'lekker', 'goed', 'relaxerend', 'nice', 'interesse', 'leuk', 'voldoen', 'geïnteresseerd', 'fijn', 'succesvol', 'aandachtig', 'energie', 'grappig', 'wakker', 'blij', 'focus', 'normaal', 'ontspannen', 'herstellen', 'hopen', 'hoop', 'motivatie', 'concentreren', 'vet', 'interesseren', 'zeker', 'top', 'genieten', 'rust', 'uit_rusten', 'aangenaam', 'tof', 'positief', 'begrijpbaar', 'concentratie', 'accepteren', 'ontspannend', 'bon', 'motiveren', 'bereid', 'goed_gezind', 'spannend', 'oké', 'relaxen', 'rustig', 'vriendelijk', 'tevreden', 'uit_kijken', 'neutraal', 'productief', 'zin']",2.926031951,667,68,"['moeizaam', 'rot', 'stresserend', 'slecht_gezind', 'stresseren', 'stressen', 'verwarrend', 'bang', 'pijn', 'ongeluk', 'moedeloos', 'vrezen', 'stress', 'vermoeidheid', 'beu', 'gestresseerd', 'verliezen', 'saai', 'teleur_stellen', 'negeren', 'bad', 'kapot', 'slaperig', 'enerveren', 'erg', 'raken', 'storen', 'belachelijk', 'ziek', 'frustreren', 'moe', 'jagen', 'lijden', 'teleur_stelling', 'overdrijven', 'vermoeiend', 'honger', 'drukken', 'last', 'verminderen', 'geïrriteerd', 'irritant', 'onbeleefd', 'twijfelen', 'kritiek', 'teleur', 'onverwacht', 'lui', 'gênant', 'boos', 'schuldig', 'eng', 'spijtig', 'kwaad', 'pijnlijk', 'af_leiden', 'slecht', 'paniek', 'onproductief', 'schade', 'ergernis', 'onnozel', 'reserveren', 'irriteren', 'verlies', 'schrik', 'frustrerend', 'vermoeid']",2.965193475,227365,3.600777778,1.867,16.83333333
!qffd turw,684,56,"['content', 'gelukkig', 'respecteren', 'gezellig', 'vieren', 'vrij', 'gerust', 'lekker', 'chill', 'benieuwd', 'goed', 'nice', 'leuk', 'voldoen', 'gezond', 'fijn', 'energie', 'relativeren', 'wakker', 'blij', 'excited', 'normaal', 'confidence', 'hoopvol', 'chillen', 'ça_va', 'amuseren', 'waarderen', 'hopen', 'happy', 'concentreren', 'interesseren', 'zeker', 'top', 'love', 'vrolijk', 'na_genieten', 'uit_rusten', 'tof', 'positief', 'trots', 'bon', 'motiveren', 'deugd', 'spannend', 'oké', 'rustig', 'vriendelijk', 'power', 'tevreden', 'zelfzeker', 'verbinding', 'productief', 'verliefd', 'enthousiast', 'zin']",2.767301133,274,56,"['numb', 'stressen', 'op_jagen', 'pijn', 'ongeluk', 'zinloos', 'stress', 'verdrietig', 'vervelend', 'teleurstellend', 'beu', 'kut', 'verliezen', 'saai', 'teleur_stellen', 'negeren', 'missen', 'onstabiel', 'weg_gooien', 'down', 'spijt', 'piekeren', 'erg', 'heimwee', 'stressvol', 'raken', 'ziek', 'frustreren', 'vervelen', 'moe', 'haten', 'dramatisch', 'sad', 'honger', 'meh', 'ongemotiveerd', 'twijfelen', 'betwijfelen', 'anxious', 'lastig', 'onzeker', 'angstig', 'breken', 'stressed', 'boos', 'schuldig', 'af_wachten', 'spannen', 'af_leiden', 'slecht', 'minderen', 'onproductief', 'irriteren', 'melancholisch', 'schrik', 'onzekerheid']",3.247355773,197217,4.455130435,1.839,19.83333333
!qjjx oamu,1342,84,"['content', 'fun', 'energiek', 'focussen', 'gelukkig', 'vreugde', 'moed', 'kracht', 'gezellig', 'vieren', 'vrij', 'plezier', 'interessant', 'gerust', 'lekker', 'chill', 'goed', 'nice', 'leuk', 'onschuldig', 'betrekken', 'gezond', 'vertrouwen', 'geïnteresseerd', 'fijn', 'energie', 'grappig', 'wakker', 'good', 'blij', 'excited', 'focus', 'normaal', 'actief', 'ontspannen', 'lief', 'chillen', 'ça_va', 'verbazen', 'geliefd', 'herstellen', 'waarderen', 'hopen', 'anticipatie', 'hoop', 'motivatie', 'concentreren', 'appreciëren', 'interesseren', 'optimistisch', 'zeker', 'top', 'genieten', 'rust', 'energievol', 'uit_rusten', 'comfortabel', 'respect', 'humor', 'moeien', 'tof', 'positief', 'verband', 'trots', 'concentratie', 'accepteren', 'bon', 'motiveren', 'goed_gezind', 'goesting', 'oké', 'comfort', 'pret', 'rustig', 'gerust_stelling', 'geweldig', 'power', 'tevreden', 'uit_kijken', 'neutraal', 'productief', 'enthousiast', 'opluchting', 'zin']",2.745817734,332,62,"['depressief', 'stresseren', 'ongelukkig', 'aan_doen', 'angst', 'bang', 'pijn', 'gek', 'stress', 'verdrietig', 'vermoeidheid', 'nerveus', 'teleurstellend', 'gestresseerd', 'verliezen', 'vreselijk', 'teleur_stellen', 'missen', 'down', 'kapot', 'spijt', 'wreed', 'ontevreden', 'erg', 'stressvol', 'raken', 'isolatie', 'ziek', 'frustreren', 'vervelen', 'moe', 'sluiten', 'pessimistisch', 'vermoeiend', 'honger', 'last', 'emotioneel', 'geïrriteerd', 'irritant', 'schuld_gevoel', 'onverschillig', 'verlaten', 'somber', 'lastig', 'angstig', 'teleur', 'lui', 'af_wisselen', 'conflict', 'schuldig', 'bezorgen', 'verontrusten', 'duizelig', 'kwaad', 'pijnlijk', 'uitputting', 'schuld', 'slecht', 'irriteren', 'melancholisch', 'frustrerend', 'vermoeid']",3.182338668,198279,4.065564202,1.209727626,19
!rahu suto,1471,68,"['content', 'energiek', 'gelukkig', 'verbinden', 'gemak', 'kracht', 'gezellig', 'warm', 'vrij', 'interessant', 'gerust', 'kalm', 'lekker', 'chill', 'relaxed', 'goed', 'leuk', 'voldoen', 'gezond', 'fijn', 'op_warmen', 'energie', 'grappig', 'wakker', 'good', 'blij', 'normaal', 'actief', 'prima', 'ontspannen', 'lief', 'chillen', 'happiness', 'ça_va', 'verbazen', 'amuseren', 'alright', 'hopen', 'motivatie', 'happy', 'zeker', 'love', 'genieten', 'vrolijk', 'rust', 'uit_rusten', 'aangenaam', 'tof', 'positief', 'trots', 'fantastisch', 'bon', 'confident', 'motiveren', 'goed_gezind', 'deugd', 'plezant', 'goesting', 'oké', 'comfort', 'relaxen', 'rustig', 'geweldig', 'tevreden', 'uit_kijken', 'neutraal', 'enthousiast', 'zin']",3.045833795,637,61,"['ambeteren', 'stressen', 'aan_doen', 'pijn', 'gek', 'negatief', 'agressief', 'stress', 'vermoeidheid', 'beu', 'gestresseerd', 'kut', 'verliezen', 'miserie', 'missen', 'frustratie', 'kapot', 'honger_gevoel', 'spijt', 'achter_laten', 'hongerig', 'erg', 'raken', 'stress_moment', 'storen', 'verwarren', 'ziek', 'frustreren', 'vervelen', 'deprimeren', 'zenuwachtigheid', 'moe', 'sluiten', 'ergeren', 'haten', 'honger', 'last', 'op_fokken', 'haat', 'zenuwachtig', 'geïrriteerd', 'irritant', 'twijfelen', 'deprimerend', 'lastig', 'zot', 'ongeduldig', 'ambetant', 'spijtig', 'onaangenaam', 'irritatie', 'kwaad', 'demotiveren', 'spannen', 'slecht', 'spanning', 'minderen', 'ergernis', 'irriteren', 'schrik', 'frustrerend']",2.459993864,194815,4.738410042,1.066401674,20.5
!rkww ozqp,803,85,"['content', 'energiek', 'focussen', 'gelukkig', 'vertrouwd', 'verbinden', 'gemak', 'waardevol', 'moed', 'steunen', 'helder', 'gemoedelijk', 'gezellig', 'warm', 'vrij', 'plezier', 'gerust', 'rustgevend', 'kalm', 'lekker', 'benieuwd', 'goed', 'leuk', 'voldoen', 'gezond', 'vertrouwen', 'geïnteresseerd', 'fijn', 'succesvol', 'ontspanning', 'energie', 'grappig', 'gezelschap', 'wakker', 'luimen', 'blij', 'focus', 'verrassen', 'normaal', 'balanceren', 'actief', 'prima', 'ontspannen', 'lief', 'geliefd', 'amuseren', 'dankbaar', 'waarderen', 'bevestigen', 'hopen', 'opgetogen', 'hoop', 'concentreren', 'gastvrij', 'interesseren', 'zeker', 'top', 'genieten', 'vrolijk', 'rust', 'na_genieten', 'uit_rusten', 'aangenaam', 'tof', 'positief', 'veilig', 'trots', 'fantastisch', 'ontspannend', 'bon', 'motiveren', 'goed_gezind', 'deugd', 'spannend', 'oké', 'rustig', 'vriendelijk', 'geweldig', 'tevreden', 'uit_kijken', 'geluk', 'zelfzeker', 'productief', 'enthousiast', 'zin']",3.163368498,346,97,"['machteloos', 'rot', 'chaotisch', 'stresserend', 'slecht_gezind', 'moeheid', 'stressen', 'aan_doen', 'falen', 'verdriet', 'op_jagen', 'beklemmen', 'bang', 'pijn', 'gek', 'ongeluk', 'schrikken', 'moedeloos', 'stress', 'paniek_aanval', 'verdrietig', 'eenzaam', 'vervelend', 'nerveus', 'misselijkheid', 'wazig', 'verliezen', 'saai', 'teleur_stellen', 'beangstigen', 'missen', 'frustratie', 'bad', 'weg_gooien', 'down', 'kapot', 'haastig', 'achter_laten', 'af_wijzen', 'ongerust', 'onrust', 'hongerig', 'op_draaien', 'erg', 'raken', 'twijfel', 'prikkelbaar', 'storen', 'onrustig', 'ziek', 'frustreren', 'heftig', 'moe', 'jagen', 'sluiten', 'ergeren', 'overdrijven', 'vermoeiend', 'honger', 'last', 'verminderen', 'emotioneel', 'twijfelen', 'kritiek', 'war', 'stroef', 'verstoren', 'lastig', 'onzeker', 'ongeduldig', 'over_slaan', 'krap', 'conflict', 'boos', 'schuldig', 'bezorgen', 'eng', 'duizelig', 'obsessief', 'overprikkelen', 'fragiel', 'pijnlijk', 'overweldigen', 'verwaarlozen', 'spannen', 'kwetsen', 'irrelevant', 'slecht', 'gejaagdheid', 'spanning', 'paniek', 'verwarring', 'benauwd', 'verslag', 'irriteren', 'frustrerend', 'onzekerheid']",3.878649473,180540,3.939812207,1.258309859,23.8
!rmnq sonq ,1070,71,"['energiek', 'spontaan', 'focussen', 'gelukkig', 'gemak', 'vreugde', 'moed', 'op_krikken', 'gezellig', 'warm', 'vieren', 'vrij', 'plezier', 'interessant', 'gerust', 'lekker', 'chill', 'relaxed', 'benieuwd', 'goed', 'relaxerend', 'interesse', 'leuk', 'gezelligheid', 'gezond', 'vertrouwen', 'fijn', 'ontspanning', 'energie', 'gezelschap', 'wakker', 'good', 'blij', 'normaal', 'actief', 'ontspannen', 'chillen', 'ça_va', 'gemoed_rust', 'amuseren', 'beleven', 'bevestigen', 'hopen', 'hoop', 'motivatie', 'happy', 'concentreren', 'zeker', 'top', 'genieten', 'rust', 'uit_rusten', 'aangenaam', 'positief', 'rusten', 'ontspannend', 'goed_gezind', 'deugd', 'spannend', 'oké', 'relaxen', 'rustig', 'evenwichtig', 'geweldig', 'tevreden', 'uit_kijken', 'geluk', 'opkikker', 'enthousiast', 'deugd_doend', 'zin']",3.000374291,301,56,"['stresseren', 'stressen', 'aan_doen', 'op_jagen', 'oververmoeien', 'pijn', 'negatief', 'ongeluk', 'vrezen', 'stress', 'vermoeidheid', 'vervelend', 'missen', 'frustratie', 'down', 'beladen', 'kapot', 'wreed', 'erg', 'stressvol', 'raken', 'stress_moment', 'storen', 'onrustig', 'ziek', 'frustreren', 'moe', 'jagen', 'ernstig', 'ergeren', 'vermoeiend', 'dramatisch', 'honger', 'supporteren', 'drukken', 'last', 'zenuwachtig', 'kop_zorg', 'zot', 'onverwacht', 'breken', 'bezorgen', 'ambetant', 'spijtig', 'woelig', 'af_wachten', 'pijnlijk', 'spannen', 'slecht', 'waakzaam', 'spanning', 'paniek', 'ergernis', 'onnozel', 'belasten', 'schrik']",3.132089245,179397,3.182920354,0.968982301,21.2
!rpdg kces,434,66,"['content', 'energiek', 'focussen', 'gelukkig', 'moed', 'kracht', 'gezellig', 'warm', 'vieren', 'vrij', 'interessant', 'gerust', 'romantisch', 'lekker', 'relaxed', 'goed', 'relaxerend', 'leuk', 'zekerheid', 'geïnteresseerd', 'ontspanning', 'energie', 'grappig', 'rationeel', 'wakker', 'blij', 'excited', 'focus', 'normaal', 'balanceren', 'motiverend', 'ontspannen', 'hoopvol', 'chillen', 'ça_va', 'leutig', 'fier', 'cute', 'hopen', 'hoop', 'motivatie', 'concentreren', 'optimistisch', 'zeker', 'genieten', 'rust', 'sukkelen', 'aangenaam', 'tof', 'positief', 'optimisme', 'trots', 'concentratie', 'motiveren', 'warmte', 'spannend', 'oké', 'relaxen', 'rustig', 'tevreden', 'neutraal', 'nieuwsgierig', 'verbinding', 'productief', 'enthousiast', 'zin']",3.21676943,210,59,"['depressief', 'machteloos', 'doelloos', 'onrespectvol', 'stresseren', 'stressen', 'verwarrend', 'falen', 'angst', 'op_jagen', 'pijn', 'vrezen', 'agressief', 'stress', 'nerveus', 'beu', 'gestresseerd', 'verliezen', 'saai', 'teleur_stellen', 'annoyed', 'missen', 'bad', 'spijt', 'erg', 'stressvol', 'raken', 'verwarren', 'ziek', 'frustreren', 'vervelen', 'moe', 'jagen', 'ergeren', 'haten', 'vermoeiend', 'honger', 'op_fokken', 'zenuwachtig', 'twijfelen', 'verstoren', 'lastig', 'onzeker', 'angstig', 'verontwaardigen', 'teleur', 'breken', 'boos', 'bezorgen', 'duizelig', 'ambetant', 'spijtig', 'verslaan', 'demotiveren', 'spannen', 'slecht', 'depressie', 'irriteren', 'frustrerend']",3.44460205,234972,2.921121076,1.164349776,21.66666667
!rpyy kqex,2026,106,"['content', 'energiek', 'spontaan', 'focussen', 'overheerlijk', 'gelukkig', 'verbinden', 'gemak', 'moed', 'tam', 'gemoedelijk', 'op_krikken', 'gezellig', 'warm', 'vrij', 'plezier', 'interessant', 'boeien', 'luchtig', 'enthousiasme', 'gerust', 'kalm', 'lekker', 'chill', 'trotseren', 'relaxed', 'overtuigen', 'top_gevoel', 'zalig', 'benieuwd', 'goed', 'nice', 'leuk', 'gezond', 'vertrouwen', 'fijn', 'energie', 'grappig', 'wakker', 'good', 'anticiperen', 'blij', 'excited', 'normaal', 'prima', 'ontspannen', 'kalmeren', 'lief', 'chillen', 'ça_va', 'herstellen', 'euforisch', 'amuseren', 'alright', 'beleven', 'liefde', 'hopen', 'verliefdheid', 'hoop', 'happy', 'concentreren', 'vet', 'appreciëren', 'interesseren', 'zeker', 'top', 'love', 'genieten', 'vrolijk', 'rust', 'uit_rusten', 'lustig', 'comfortabel', 'sukkelen', 'aangenaam', 'tof', 'positief', 'balance', 'rusten', 'bon', 'ondersteunen', 'motiveren', 'goed_gezind', 'verstandig', 'deugd', 'plezant', 'spannend', 'vrijheid', 'goesting', 'oké', 'verzekeren', 'relaxen', 'charme', 'rustig', 'heerlijk', 'geweldig', 'tevreden', 'uit_kijken', 'cool', 'geluk', 'productief', 'verliefd', 'enthousiast', 'indrukwekkend', 'zin', 'zelfvertrouwen']",3.295830546,351,94,"['pittig', 'moeizaam', 'rot', 'chaotisch', 'slecht_gezind', 'bangelijk', 'gêne', 'aan_doen', 'op_jagen', 'beklemmen', 'pijn', 'waanzin', 'ongeluk', 'vrezen', 'verschrikkelijk', 'stress', 'medelijden', 'vermoeidheid', 'in_trekken', 'verbreken', 'eenzaam', 'vervelend', 'beu', 'vechten', 'verliezen', 'miserie', 'waanzinnig', 'missen', 'passief', 'frustratie', 'bad', 'weg_gooien', 'down', 'kapot', 'enerveren', 'gevoelig', 'wreed', 'erg', 'raken', 'twijfel', 'prikkelbaar', 'storen', 'belachelijk', 'ziek', 'frustreren', 'heftig', 'moe', 'jagen', 'sluiten', 'op_rommelen', 'haten', 'overdrijven', 'vermoeiend', 'laf', 'honger', 'supporteren', 'drukken', 'last', 'zenuwachtig', 'af_haken', 'twijfelen', 'somber', 'war', 'lastig', 'angstig', 'zot', 'breken', 'conflict', 'wroeging', 'beschaamd', 'boos', 'schuldig', 'ambetant', 'spijtig', 'woelig', 'irritatie', 'kwaad', 'af_wachten', 'overmoedig', 'waardeloos', 'kwetsen', 'schuld', 'kwaadheid', 'naïef', 'slecht', 'gejaagdheid', 'spanning', 'minderen', 'uit_dagen', 'paniek', 'walgelijk', 'verslag', 'schrik', 'degoutant']",3.90582561,179076,3.411365314,0.809151292,27.8
!rqnv tfvz,1226,100,"['content', 'energiek', 'spontaan', 'focussen', 'gelukkig', 'gemak', 'tam', 'gemoedelijk', 'kracht', 'veiligheid', 'op_krikken', 'gezellig', 'warm', 'vieren', 'verrassing', 'vrij', 'plezier', 'interessant', 'luchtig', 'enthousiasme', 'gerust', 'lekker', 'chill', 'trotseren', 'overtuigen', 'benieuwd', 'goed', 'relaxerend', 'leuk', 'gezelligheid', 'betrekken', 'voldoen', 'gezond', 'vertrouwen', 'zekerheid', 'fijn', 'ontspanning', 'op_warmen', 'energie', 'grappig', 'opgewekt', 'wakker', 'blij', 'focus', 'verrassen', 'normaal', 'actief', 'impressionant', 'stimuleren', 'ontspannen', 'feestelijk', 'lief', 'chillen', 'ça_va', 'gemoed_rust', 'beleven', 'bevestigen', 'hopen', 'hoop', 'motivatie', 'concentreren', 'zeker', 'top', 'verfrissend', 'genieten', 'vrolijk', 'rust', 'uit_rusten', 'verwarmen', 'aangenaam', 'tof', 'positief', 'veilig', 'trots', 'geruststellend', 'ontspannend', 'bon', 'ondersteunen', 'motiveren', 'nostalgisch', 'warmte', 'deugd', 'plezant', 'spannend', 'vrijheid', 'oké', 'comfort', 'relaxen', 'rustig', 'vriendelijk', 'tevreden', 'uit_kijken', 'cool', 'geluk', 'op_fleuren', 'productief', 'verfrist', 'enthousiast', 'opluchting', 'zin']",3.317786773,276,82,"['pittig', 'overwerken', 'chaotisch', 'stresserend', 'slecht_gezind', 'stressen', 'aan_doen', 'op_jagen', 'afleiding', 'bang', 'negatief', 'triestig', 'vrezen', 'verschrikkelijk', 'stress', 'vermoeidheid', 'vervelend', 'gestresseerd', 'verliezen', 'saai', 'missen', 'wisselvallig', 'frustratie', 'grieperig', 'bad', 'suf', 'weg_gooien', 'down', 'kapot', 'enerveren', 'spijt', 'tegenzin', 'erg', 'raken', 'prikkelbaar', 'bezorgdheid', 'ongemak', 'onrustig', 'ziek', 'frustreren', 'nutteloos', 'moe', 'puzzelen', 'sluiten', 'overdrijven', 'vermoeiend', 'dramatisch', 'honger', 'drukken', 'last', 'verminderen', 'emotioneel', 'irritant', 'schuld_gevoel', 'twijfelen', 'lastig', 'onzeker', 'zot', 'belabberd', 'onverwacht', 'breken', 'demotiverend', 'schuldig', 'bezorgen', 'woelig', 'onduidelijk', 'demotiveren', 'pijnlijk', 'overweldigen', 'af_leiden', 'kritisch', 'slecht', 'rommelig', 'blue', 'spanning', 'minderen', 'forceren', 'reserveren', 'schrik', 'frustrerend', 'onzekerheid', 'vermoeid']",3.655291909,196719,2.475862069,0.617586207,21
!rqta gwun,1257,87,"['energiek', 'focussen', 'gelukkig', 'vertrouwd', 'gemak', 'moed', 'gezellig', 'warm', 'vieren', 'vrij', 'plezier', 'interessant', 'evenwicht', 'enthousiasme', 'gerust', 'rustgevend', 'kalm', 'lekker', 'chill', 'goed', 'nice', 'leuk', 'voldoen', 'gezond', 'vertrouwen', 'fijn', 'engageren', 'aandachtig', 'energie', 'grappig', 'opgewekt', 'relativeren', 'wakker', 'blij', 'normaal', 'actief', 'ontspannen', 'kalmeren', 'lief', 'prikkeling', 'chillen', 'bevestigen', 'hopen', 'motivatie', 'happy', 'concentreren', 'troost', 'appreciëren', 'interesseren', 'zeker', 'love', 'genieten', 'rust', 'uit_rusten', 'comfortabel', 'aangenaam', 'tof', 'positief', 'veilig', 'verband', 'trots', 'gemotiveerd', 'concentratie', 'accepteren', 'fine', 'motiveren', 'competent', 'goed_gezind', 'spannend', 'oké', 'comfort', 'nostalgie', 'rustig', 'gerust_stelling', 'vriendelijk', 'capabel', 'prikkelen', 'tevreden', 'uit_kijken', 'neutraal', 'cool', 'geluk', 'productief', 'geduldig', 'enthousiast', 'opluchting', 'zin']",3.250938652,754,102,"['depressief', 'machteloos', 'onwennig', 'chaotisch', 'stresserend', 'slecht_gezind', 'stresseren', 'stressen', 'ongelukkig', 'verwarrend', 'angst', 'verdriet', 'op_jagen', 'afleiding', 'bang', 'pijn', 'schamen', 'gek', 'confronteren', 'negatief', 'schrikken', 'verschrikkelijk', 'oncomfortabel', 'stress', 'verdrietig', 'breakdown', 'vervelend', 'nerveus', 'teleurstellend', 'hangry', 'gestresseerd', 'verliezen', 'saai', 'teleur_stellen', 'kwetsend', 'negeren', 'missen', 'frustratie', 'spijt', 'opgejaagdheid', 'intimideren', 'erg', 'stressvol', 'raken', 'prikkelbaar', 'storen', 'burn-out', 'ziek', 'frustreren', 'heftig', 'nutteloos', 'deprimeren', 'moe', 'sluiten', 'haten', 'overdrijven', 'vermoeiend', 'sad', 'honger', 'hopeloos', 'last', 'emotioneel', 'geïrriteerd', 'irritant', 'onbeleefd', 'twijfelen', 'kritiek', 'war', 'onzeker', 'belabberd', 'onverwacht', 'lui', 'breken', 'ontmoedigen', 'demotiverend', 'gênant', 'beschaamd', 'boos', 'schuldig', 'bezorgen', 'ambetant', 'spijtig', 'verslaan', 'irritatie', 'onduidelijk', 'demotiveren', 'af_wachten', 'intimiderend', 'overweldigen', 'kwetsen', 'af_leiden', 'slecht', 'rommelig', 'spanning', 'irriterend', 'struggle', 'verwarring', 'anxiety', 'irriteren', 'schrik', 'frustrerend', 'onzekerheid']",3.532116698,184057,4.093320313,2.017734375,19.33333333
!rsbo tsca,725,68,"['energiek', 'focussen', 'gelukkig', 'gemak', 'moed', 'plezierig', 'gezellig', 'warm', 'vieren', 'vrij', 'plezier', 'interessant', 'boeien', 'verzadigen', 'gerust', 'kalm', 'lekker', 'chill', 'zalig', 'benieuwd', 'goed', 'leuk', 'gezond', 'vertrouwen', 'op_warmen', 'energie', 'wakker', 'blij', 'normaal', 'actief', 'ontspannen', 'lief', 'chillen', 'ça_va', 'amuseren', 'beleven', 'hopen', 'hoop', 'motivatie', 'happy', 'concentreren', 'vet', 'zeker', 'top', 'genieten', 'rust', 'uit_rusten', 'sukkelen', 'zorgeloos', 'aangenaam', 'tof', 'positief', 'veilig', 'trots', 'concentratie', 'bon', 'motiveren', 'goed_gezind', 'deugd', 'goesting', 'oké', 'rustig', 'tevreden', 'uit_kijken', 'beter_gezind', 'productief', 'ambitie', 'zin']",3.047715316,267,63,"['pittig', 'overwerken', 'stresserend', 'slecht_gezind', 'moeheid', 'stresseren', 'stressen', 'breinloos', 'falen', 'angst', 'bang', 'pijn', 'vrezen', 'stress', 'verdrietig', 'vermoeidheid', 'beu', 'kut', 'verliezen', 'saai', 'zielig', 'missen', 'bad', 'humeurig', 'kapot', 'faal_angst', 'piekeren', 'gevoelig', 'wreed', 'erg', 'raken', 'twijfel', 'storen', 'ongemak', 'ziek', 'frustreren', 'heftig', 'nutteloos', 'moe', 'haten', 'vermoeiend', 'honger', 'verminderen', 'emotioneel', 'twijfelen', 'lastig', 'zot', 'onverwacht', 'lui', 'over_slaan', 'demotiverend', 'boos', 'schuldig', 'bezorgen', 'ambetant', 'kwaad', 'demotiveren', 'kritisch', 'slecht', 'spanning', 'paniek', 'benauwd', 'irriteren']",3.069958378,183076,3.141333333,0.732577778,15.8
!sbjg gduy,1446,84,"['content', 'focussen', 'gelukkig', 'vertrouwd', 'gemak', 'kracht', 'gezellig', 'warm', 'vieren', 'verrassing', 'vrij', 'plezier', 'interessant', 'boeien', 'gerust', 'kalm', 'lekker', 'overtuigen', 'zalig', 'goed', 'begripvol', 'leuk', 'onschuldig', 'zekerheid', 'geïnteresseerd', 'fijn', 'op_warmen', 'energie', 'grappig', 'wakker', 'gereed', 'blij', 'focus', 'normaal', 'actief', 'motiverend', 'ontspannen', 'lief', 'chillen', 'ça_va', 'amuseren', 'beleven', 'hopen', 'hoop', 'motivatie', 'concentreren', 'interesseren', 'zeker', 'genieten', 'rust', 'uit_rusten', 'aangenaam', 'hyper', 'tof', 'vrede', 'positief', 'veilig', 'trots', 'concentratie', 'accepteren', 'lust', 'nostalgisch', 'warmte', 'verstandig', 'zinvol', 'deugd', 'plezant', 'spannend', 'vrijheid', 'goesting', 'oké', 'verzekeren', 'nostalgie', 'rustig', 'vriendelijk', 'heerlijk', 'geweldig', 'power', 'tevreden', 'uit_kijken', 'cool', 'geluk', 'opluchting', 'zin']",3.002817342,346,76,"['rottig', 'slecht_gezind', 'aan_doen', 'angst', 'op_jagen', 'afleiding', 'bang', 'pijn', 'gek', 'ongeluk', 'schrikken', 'vrezen', 'verschrikkelijk', 'stress', 'eenzaam', 'vervelend', 'vechten', 'verliezen', 'miserie', 'saai', 'teleur_stellen', 'missen', 'frustratie', 'weg_gooien', 'kapot', 'haastig', 'ongerust', 'hongerig', 'erg', 'stressvol', 'raken', 'belachelijk', 'verwarren', 'ziek', 'frustreren', 'vervelen', 'moe', 'jagen', 'sluiten', 'ernstig', 'pessimistisch', 'overdrijven', 'dramatisch', 'honger', 'supporteren', 'last', 'geïrriteerd', 'irritant', 'twijfelen', 'overstuur', 'lastig', 'zot', 'over_slaan', 'krap', 'demotiverend', 'boos', 'schuldig', 'bezorgen', 'ambetant', 'langdradig', 'verslaan', 'kwaad', 'onnuttig', 'af_wachten', 'schuld', 'af_leiden', 'slecht', 'spanning', 'paniek', 'verwarring', 'schade', 'onnozel', 'irriteren', 'verlies', 'schrik', 'frustrerend']",3.65810892,234510,2.784105691,1.189227642,22.5
!sgbj qevm,664,76,"['spontaan', 'focussen', 'gelukkig', 'gemak', 'steunen', 'zinnig', 'gezellig', 'warm', 'vrij', 'interessant', 'gerust', 'lekker', 'trotseren', 'op_wekken', 'overtuigen', 'zalig', 'benieuwd', 'goed', 'nice', 'leuk', 'gezelligheid', 'betrekken', 'voldoen', 'gezond', 'fijn', 'ontspanning', 'grappig', 'wakker', 'good', 'blij', 'normaal', 'actief', 'ontspannen', 'lief', 'chillen', 'ça_va', 'verbazen', 'fier', 'dankbaar', 'hopen', 'hoop', 'motivatie', 'happy', 'concentreren', 'vet', 'zeker', 'top', 'genieten', 'rust', 'uit_rusten', 'aangenaam', 'tof', 'positief', 'veilig', 'gerust_stellen', 'verband', 'trots', 'geruststellend', 'bon', 'duidelijkheid', 'motiveren', 'verbazing', 'warmte', 'deugd', 'spannend', 'oké', 'rustig', 'geweldig', 'prikkelen', 'tevreden', 'bevredigen', 'zelfzeker', 'sympathiek', 'productief', 'enthousiast', 'zin']",3.15096592,365,110,"['versleten', 'machteloos', 'overwerken', 'stresserend', 'jaloers', 'stressen', 'ongelukkig', 'verwarrend', 'triest', 'aan_doen', 'verdriet', 'afleiding', 'bang', 'pijn', 'lusteloos', 'gek', 'confronteren', 'degouteren', 'ongeluk', 'miserabel', 'moedeloos', 'ongemakkelijkheid', 'vrezen', 'verschrikkelijk', 'stress', 'paniek_aanval', 'verdrietig', 'eenzaam', 'asociaal', 'beu', 'vechten', 'kut', 'verliezen', 'saai', 'teleur_stellen', 'draaierig', 'missen', 'passief', 'frustratie', 'beladen', 'kapot', 'spijt', 'piekeren', 'tegenzin', 'erg', 'raken', 'twijfel', 'inspanning', 'bezorgdheid', 'stress_moment', 'isolatie', 'storen', 'belachelijk', 'onrustig', 'ziek', 'frustreren', 'heftig', 'moe', 'sluiten', 'neurotisch', 'ergeren', 'haten', 'overdrijven', 'vermoeiend', 'moedeloosheid', 'honger', 'drukken', 'last', 'droevig', 'zenuwachtig', 'emotioneel', 'irritant', 'schuld_gevoel', 'twijfelen', 'verlaten', 'isoleren', 'war', 'lastig', 'zot', 'bemoeien', 'teleur', 'lui', 'apathisch', 'gênant', 'boos', 'schuldig', 'bezorgen', 'verslaan', 'irritatie', 'kwaad', 'af_wachten', 'pijnlijk', 'spannen', 'schuld', 'af_leiden', 'zorgwekkend', 'slecht', 'koppig', 'paniek', 'verwarring', 'depressie', 'doodop', 'ergernis', 'onnozel', 'reserveren', 'bitter', 'irriteren', 'frustrerend', 'onzekerheid', 'radeloos']",4.22582215,180795,2.805518868,1.664245283,20.2
!sjru sofo,280,46,"['content', 'focussen', 'gemak', 'amusant', 'gezellig', 'vieren', 'vrij', 'gerust', 'romantisch', 'goed', 'leuk', 'onschuldig', 'voldoen', 'gezond', 'fijn', 'energie', 'wakker', 'blij', 'normaal', 'actief', 'hoopvol', 'lief', 'ça_va', 'amuseren', 'beleven', 'hopen', 'hoop', 'genieten', 'rust', 'uit_rusten', 'tof', 'positief', 'verband', 'bon', 'duidelijkheid', 'deugd', 'plezant', 'spannend', 'goesting', 'oké', 'rustig', 'gerust_stelling', 'tevreden', 'uit_kijken', 'ontprikkelen', 'zin']",2.917287853,81,34,"['chaotisch', 'jaloers', 'afleiding', 'bang', 'gek', 'verschrikkelijk', 'stress', 'eenzaam', 'saai', 'teleur_stellen', 'zielig', 'missen', 'frustratie', 'kapot', 'enerveren', 'verdwaasd', 'erg', 'raken', 'ziek', 'frustreren', 'moe', 'sluiten', 'vermoeiend', 'last', 'lastig', 'onverwacht', 'schuldig', 'ambetant', 'spijtig', 'kwaad', 'slecht', 'onduidelijkheid', 'reserveren', 'frustrerend']",3.196303448,236165,3.58484375,1.416328125,22.4
!srjx odav,451,70,"['energiek', 'spontaan', 'focussen', 'gelukkig', 'moed', 'steunen', 'gezellig', 'warm', 'troosten', 'verrassing', 'vrij', 'plezier', 'welverdiend', 'interessant', 'lekker', 'chill', 'relaxed', 'zalig', 'benieuwd', 'goed', 'bewonderen', 'nice', 'leuk', 'voldoen', 'gezond', 'zekerheid', 'fijn', 'op_warmen', 'engageren', 'energie', 'wakker', 'blij', 'focus', 'normaal', 'prima', 'stabiel', 'kalmeren', 'lief', 'chillen', 'verheugen', 'ça_va', 'amuseren', 'hopen', 'hoop', 'concentreren', 'magisch', 'prettig', 'zeker', 'genieten', 'vrolijk', 'rust', 'tof', 'verwelkomen', 'bon', 'deugd', 'spannend', 'goesting', 'oké', 'verzekeren', 'relaxen', 'nostalgie', 'rustig', 'heerlijk', 'neutraal', 'geluk', 'sympathiek', 'verbinding', 'enthousiast', 'zen', 'zin']",3.376397924,146,62,"['versleten', 'machteloos', 'rot', 'chaotisch', 'stresseren', 'triest', 'suffen', 'afleiding', 'pijn', 'confronteren', 'schrikken', 'triestig', 'vrezen', 'stress', 'verdrietig', 'in_trekken', 'vervelend', 'verliezen', 'miserie', 'vreselijk', 'saai', 'missen', 'frustratie', 'suf', 'down', 'beladen', 'achter_laten', 'ongerust', 'intimideren', 'erg', 'raken', 'inspanning', 'moe', 'sluiten', 'haten', 'honger', 'supporteren', 'last', 'onbezonnen', 'droevig', 'irritant', 'verlaten', 'zot', 'bemoeien', 'ongedurig', 'lazy', 'onverwacht', 'ongeduldig', 'lui', 'boos', 'schuldig', 'obsessief', 'ambetant', 'blesseren', 'slecht', 'paniek', 'hatelijk', 'ergernis', 'onnozel', 'belasten', 'irriteren', 'schrik']",3.59887188,184555,3.373237705,1.212172131,27
!svzm fhmn,1008,100,"['content', 'energiek', 'focussen', 'gelukkig', 'vertrouwd', 'gemak', 'moed', 'respecteren', 'helder', 'veiligheid', 'gezellig', 'warm', 'vieren', 'troosten', 'verrassing', 'vrij', 'plezier', 'interessant', 'gerust', 'lekker', 'chill', 'relaxed', 'overtuigen', 'benieuwd', 'goed', 'interesse', 'leuk', 'onschuldig', 'gezond', 'vertrouwen', 'zekerheid', 'fijn', 'vernieuwen', 'viering', 'energie', 'grappig', 'gezelschap', 'wakker', 'good', 'blij', 'normaal', 'actief', 'prima', 'lief', 'op_pompen', 'chillen', 'connectie', 'ça_va', 'fier', 'amuseren', 'dankbaar', 'levendig', 'beleven', 'bevestigen', 'liefde', 'hopen', 'hoop', 'happy', 'concentreren', 'vet', 'prettig', 'appreciëren', 'interesseren', 'optimistisch', 'zeker', 'top', 'love', 'genieten', 'rust', 'uit_rusten', 'zelfverzekerd', 'aangenaam', 'tof', 'positief', 'veilig', 'appreciatie', 'verband', 'trots', 'fantastisch', 'bon', 'joy', 'motiveren', 'zorgzaam', 'warmte', 'goed_gezind', 'deugd', 'plezant', 'spannend', 'goesting', 'oké', 'verzekeren', 'relaxen', 'rustig', 'gerust_stelling', 'geweldig', 'neutraal', 'geluk', 'productief', 'sexy', 'zin']",3.340211267,334,88,"['rot', 'chaotisch', 'slecht_gezind', 'jaloers', 'stressen', 'gêne', 'aan_doen', 'angst', 'introvert', 'bang', 'pijn', 'negatief', 'ongeluk', 'horror', 'vrezen', 'verschrikkelijk', 'stress', 'nerveus', 'beu', 'verliezen', 'saai', 'teleur_stellen', 'zielig', 'negeren', 'missen', 'frustratie', 'kapot', 'slaperig', 'spijt', 'wreed', 'ongerust', 'erg', 'stressvol', 'raken', 'twijfel', 'storen', 'ongemak', 'belachelijk', 'ziek', 'frustreren', 'vervelen', 'deprimeren', 'moe', 'ergeren', 'overdrijven', 'vermoeiend', 'honger', 'drukken', 'hopeloos', 'last', 'zenuwachtig', 'emotioneel', 'schuld_gevoel', 'twijfelen', 'war', 'lastig', 'onzeker', 'zuur', 'angstig', 'zot', 'belabberd', 'lazy', 'onverwacht', 'lui', 'breken', 'bezorgen', 'eng', 'ambetant', 'spijtig', 'low', 'kwaad', 'af_wachten', 'lastig_vallen', 'verwaarlozen', 'af_leiden', 'slecht', 'koppig', 'struggle', 'paniek', 'verlangen', 'benauwd', 'anxiety', 'reserveren', 'irriteren', 'schrik', 'frustrerend', 'onzekerheid', 'perfectionistisch']",3.911078284,179301,2.698033473,0.853974895,18.8
!tmsq ujwd,1154,59,"['content', 'fun', 'energiek', 'focussen', 'gelukkig', 'gemak', 'moed', 'gezellig', 'warm', 'vieren', 'vrij', 'interessant', 'gerust', 'lekker', 'benieuwd', 'goed', 'leuk', 'zekerheid', 'fijn', 'grappig', 'wakker', 'blij', 'excited', 'normaal', 'prima', 'lief', 'chillen', 'ça_va', 'amuseren', 'hopen', 'hoop', 'motivatie', 'happy', 'concentreren', 'zeker', 'vrolijk', 'rust', 'uit_rusten', 'sukkelen', 'tof', 'positief', 'trots', 'concentratie', 'bon', 'motiveren', 'goed_gezind', 'plezant', 'spannend', 'goesting', 'oké', 'rustig', 'gerust_stelling', 'geweldig', 'tevreden', 'uit_kijken', 'cool', 'enthousiast', 'zen', 'zin']",2.487583796,413,40,"['stresserend', 'stressen', 'aan_doen', 'afleiding', 'bang', 'pijn', 'ongeluk', 'gefrustreerd', 'stress', 'ellendig', 'vervelend', 'beu', 'saai', 'missen', 'bad', 'weg_gooien', 'down', 'ongerust', 'fomo', 'erg', 'raken', 'ziek', 'heftig', 'vervelen', 'moe', 'stressig', 'honger', 'last', 'droevig', 'zenuwachtig', 'irritant', 'kritiek', 'onzeker', 'ambetant', 'slecht', 'paniek', 'onnozel', 'reserveren', 'schrik', 'frustrerend']",2.78202981,192562,4.199770992,1.125763359,22.5
!tpxt nqcu,1491,73,"['energiek', 'focussen', 'gelukkig', 'verbinden', 'gemak', 'moed', 'steunen', 'warm', 'vieren', 'vrij', 'plezier', 'interessant', 'evenwicht', 'gerust', 'lekker', 'chill', 'goed', 'leuk', 'voldoen', 'gezond', 'fijn', 'energie', 'wakker', 'luimen', 'blij', 'excited', 'normaal', 'actief', 'ontspannen', 'lief', 'chillen', 'ça_va', 'amuseren', 'dankbaar', 'beleven', 'liefde', 'hopen', 'hoop', 'motivatie', 'concentreren', 'appreciëren', 'optimistisch', 'zeker', 'positiviteit', 'top', 'genieten', 'rust', 'na_genieten', 'uit_rusten', 'aangenaam', 'tof', 'positief', 'verband', 'trots', 'concentratie', 'ontspannend', 'bon', 'duidelijkheid', 'motiveren', 'goed_gezind', 'bedaren', 'spannend', 'goesting', 'oké', 'relaxen', 'rustig', 'heerlijk', 'tevreden', 'uit_kijken', 'neutraal', 'geluk', 'enthousiast', 'zin']",2.56611042,177,37,"['stressen', 'aan_doen', 'pijn', 'gek', 'ongeluk', 'dementerend', 'stress', 'verbreken', 'saai', 'wisselvallig', 'frustratie', 'bad', 'weg_gooien', 'spijt', 'haastig', 'achter_laten', 'erg', 'stressvol', 'raken', 'ziek', 'uitputtend', 'moe', 'vermoeiend', 'honger', 'last', 'droevig', 'verstoren', 'lastig', 'spijtig', 'low', 'kwaad', 'uit_sluiten', 'slecht', 'onduidelijkheid', 'onnozel', 'schrik', 'frustrerend']",2.295896255,231568,5.28103321,0.416383764,26
!tqqp saav,478,69,"['content', 'energiek', 'gelukkig', 'gemak', 'energietisch', 'moed', 'kracht', 'warm', 'vieren', 'vrij', 'plezier', 'interessant', 'enthousiasme', 'rustgevend', 'lekker', 'overtuigen', 'benieuwd', 'goed', 'relaxerend', 'leuk', 'gezond', 'op_warmen', 'energie', 'grappig', 'gezelschap', 'wakker', 'blij', 'normaal', 'actief', 'ontspannen', 'lief', 'prikkeling', 'ça_va', 'herstellen', 'dankbaar', 'hopen', 'hoop', 'motivatie', 'happy', 'concentreren', 'relaxing', 'appreciëren', 'zeker', 'top', 'genieten', 'rust', 'uit_rusten', 'sukkelen', 'verwarmen', 'aangenaam', 'positief', 'concentratie', 'ontspannend', 'motiveren', 'warmte', 'spannend', 'goesting', 'oké', 'relaxen', 'rustig', 'prikkelen', 'neutraal', 'nieuwsgierig', 'op_fleuren', 'verbinding', 'productief', 'enthousiast', 'opluchting', 'zin']",3.347751632,497,96,"['versleten', 'numb', 'chaotisch', 'stresserend', 'jaloers', 'moeheid', 'stresseren', 'stressen', 'ongelukkig', 'verwarrend', 'triest', 'aan_doen', 'angst', 'verdriet', 'oververmoeien', 'bang', 'pijn', 'negatief', 'ongeluk', 'miserabel', 'schrikken', 'stress', 'verdrietig', 'medelijden', 'vechten', 'verliezen', 'vreselijk', 'teleur_stellen', 'missen', 'frustratie', 'bad', 'down', 'kapot', 'enerveren', 'honger_gevoel', 'spijt', 'achter_laten', 'overprikkeld', 'hongerig', 'erg', 'heimwee', 'stressvol', 'raken', 'burn-out', 'onrustig', 'ziek', 'frustreren', 'heftig', 'nutteloos', 'op_schrikken', 'moe', 'sluiten', 'lijden', 'teleur_stelling', 'haten', 'vermoeiend', 'sad', 'honger', 'drukken', 'last', 'zenuwachtig', 'emotioneel', 'geïrriteerd', 'irritant', 'twijfelen', 'verlaten', 'somber', 'betwijfelen', 'panikeren', 'kwalijk', 'lastig', 'angstig', 'lui', 'breken', 'krap', 'schuldig', 'eng', 'ambetant', 'overprikkelen', 'spijtig', 'kwaad', 'af_wachten', 'overweldigen', 'spannen', 'af_leiden', 'slecht', 'rommelig', 'koppig', 'spanning', 'paniek', 'overwhelming', 'verlangen', 'walgelijk', 'irriteren', 'verlies', 'radeloos']",3.266176934,179133,2.070792453,1.183698113,12
!twwr pgft,994,92,"['content', 'energiek', 'focussen', 'gelukkig', 'gemak', 'moed', 'steunen', 'respecteren', 'helder', 'gemoedelijk', 'gezellig', 'warm', 'verrassing', 'vrij', 'plezier', 'interessant', 'gerust', 'kalm', 'lekker', 'chill', 'overtuigen', 'zalig', 'benieuwd', 'goed', 'nice', 'leuk', 'gezelligheid', 'gezond', 'vertrouwen', 'fijn', 'op_warmen', 'engageren', 'viering', 'energie', 'grappig', 'opgewekt', 'relativeren', 'gezelschap', 'wakker', 'good', 'blij', 'normaal', 'ontspannen', 'kalmeren', 'lief', 'voorbereid', 'chillen', 'ça_va', 'fier', 'amuseren', 'hopen', 'hoop', 'motivatie', 'concentreren', 'appreciëren', 'zeker', 'top', 'genieten', 'rust', 'uit_rusten', 'geestig', 'comfortabel', 'sukkelen', 'zorgeloos', 'aangenaam', 'hyper', 'tof', 'vrede', 'positief', 'veilig', 'gerust_stellen', 'trots', 'fantastisch', 'fine', 'bon', 'warmte', 'verstandig', 'deugd', 'spannend', 'vrijheid', 'goesting', 'oké', 'rustig', 'uit_kijken', 'neutraal', 'cool', 'geluk', 'macht', 'productief', 'verliefd', 'enthousiast', 'zin']",3.052695164,277,60,"['pittig', 'moeheid', 'aan_doen', 'op_jagen', 'afleiding', 'bang', 'pijn', 'argwanend', 'negatief', 'verschrikkelijk', 'stress', 'vechten', 'impulsief', 'kut', 'verliezen', 'miserie', 'vreselijk', 'wanhopig', 'missen', 'wisselvallig', 'frustratie', 'bad', 'down', 'kapot', 'erg', 'raken', 'twijfel', 'belachelijk', 'ziek', 'frustreren', 'heftig', 'uitputtend', 'vervelen', 'moe', 'jagen', 'sluiten', 'lijden', 'overdrijven', 'honger', 'last', 'emotioneel', 'irritant', 'twijfelen', 'somber', 'lastig', 'onzeker', 'belabberd', 'breken', 'krap', 'boos', 'ambetant', 'kwaad', 'af_wachten', 'lastig_vallen', 'slecht', 'forceren', 'verlangen', 'walgelijk', 'schrik', 'frustrerend']",3.139207579,184141,2.881541353,0.768458647,19
!tzbu qouc,800,98,"['content', 'fun', 'energiek', 'focussen', 'gelukkig', 'vertrouwd', 'gemak', 'veiligheid', 'gezellig', 'relieved', 'warm', 'vrij', 'plezier', 'interessant', 'boeien', 'gerust', 'lekker', 'chill', 'cozy', 'benieuwd', 'goed', 'leuk', 'gezelligheid', 'vertrouwen', 'excitement', 'fijn', 'viering', 'energie', 'grappig', 'amused', 'wakker', 'blij', 'excited', 'focus', 'verrassen', 'normaal', 'actief', 'ontspannen', 'kalmeren', 'hoopvol', 'lief', 'chillen', 'ça_va', 'verbazen', 'geliefd', 'amuseren', 'cute', 'dankbaar', 'viben', 'vastberaden', 'liefde', 'hopen', 'hoop', 'motivatie', 'comforting', 'concentreren', 'appreciëren', 'interesseren', 'zeker', 'exciting', 'love', 'genieten', 'rust', 'uit_rusten', 'comfortabel', 'moeien', 'aangenaam', 'tof', 'positief', 'welzijn', 'veilig', 'appreciatie', 'gerust_stellen', 'trots', 'accomplished', 'balance', 'opluchtend', 'ontspannend', 'joy', 'motiveren', 'nostalgisch', 'deugd', 'spannend', 'goesting', 'oké', 'comfort', 'relaxen', 'cosy', 'rustig', 'geweldig', 'tevreden', 'uit_kijken', 'neutraal', 'cool', 'productief', 'verliefd', 'enthousiast', 'zin']",3.420882033,373,81,"['shitty', 'overwerken', 'slecht_gezind', 'moeheid', 'stresseren', 'stressen', 'verwarrend', 'aan_doen', 'angst', 'triggeren', 'afleiding', 'bang', 'pijn', 'gek', 'confronteren', 'negatief', 'dreigen', 'verdoven', 'oncomfortabel', 'stress', 'vermoeidheid', 'exhausted', 'breakdown', 'vervelend', 'nerveus', 'beu', 'kut', 'verliezen', 'saai', 'teleur_stellen', 'draaierig', 'negeren', 'awkward', 'missen', 'bad', 'humeurig', 'kapot', 'ongerust', 'onrust', 'erg', 'stressvol', 'raken', 'storen', 'dissociëren', 'onrustig', 'ziek', 'frustreren', 'heftig', 'vervelen', 'moe', 'teleur_stelling', 'haten', 'vermoeiend', 'sad', 'honger', 'hopeloos', 'last', 'verminderen', 'emotioneel', 'irritant', 'twijfelen', 'kritiek', 'anxious', 'lastig', 'onzeker', 'angstig', 'onverwacht', 'ongeduldig', 'rusteloos', 'ontmoedigen', 'gênant', 'beschaamd', 'schuldig', 'bezorgen', 'irritatie', 'overweldigen', 'slecht', 'forceren', 'kwetsbaarheid', 'irriteren', 'frustrerend']",3.43340218,184768,3.427168459,1.728566308,20.5
!tzdn vkgj,684,62,"['gelukkig', 'gemak', 'moed', 'gezellig', 'warm', 'verrassing', 'vrij', 'interessant', 'gerust', 'kalm', 'lekker', 'goed', 'leuk', 'fijn', 'op_warmen', 'aandachtig', 'energie', 'grappig', 'machtig', 'opgewekt', 'wakker', 'good', 'gereed', 'blij', 'verrassen', 'normaal', 'lief', 'chillen', 'ça_va', 'amuseren', 'hopen', 'hoop', 'concentreren', 'prettig', 'interesseren', 'zeker', 'genieten', 'vrolijk', 'uit_rusten', 'sukkelen', 'tof', 'positief', 'veilig', 'concentratie', 'bon', 'motiveren', 'zinvol', 'deugd', 'goesting', 'oké', 'harmonie', 'rustig', 'vriendelijk', 'heerlijk', 'geweldig', 'tevreden', 'uit_kijken', 'neutraal', 'cool', 'geluk', 'productief', 'zin']",3.003155526,251,81,"['moeizaam', 'warrig', 'stresseren', 'ongelukkig', 'aan_doen', 'afleiding', 'pijn', 'gek', 'confronteren', 'ongeluk', 'triestig', 'verschrikkelijk', 'stress', 'verdrietig', 'cynisch', 'vervelend', 'beu', 'pissed', 'kut', 'verliezen', 'miserie', 'vreselijk', 'saai', 'waanzinnig', 'missen', 'passief', 'wisselvallig', 'frustratie', 'kapot', 'obsessie', 'spijt', 'tegenzin', 'haastig', 'erg', 'raken', 'twijfel', 'storen', 'belachelijk', 'verwarren', 'ziek', 'frustreren', 'heftig', 'moe', 'sluiten', 'haten', 'laf', 'honger', 'haat', 'zenuwachtig', 'emotioneel', 'geïrriteerd', 'schuld_gevoel', 'suïcidaal', 'twijfelen', 'dwaas', 'war', 'betwijfelen', 'lastig', 'zot', 'smerig', 'lui', 'breken', 'af_wisselen', 'boos', 'eentonig', 'schuldig', 'kinderachtig', 'eenzaamheid', 'kwaad', 'uit_sluiten', 'schuld', 'af_leiden', 'afschuwelijk', 'slecht', 'forceren', 'onproductief', 'absurd', 'onnozel', 'reserveren', 'schrik', 'frustrerend']",3.845613552,236185,3.033068592,1.116534296,17.5
!ujrg vcmy,825,79,"['content', 'focussen', 'gelukkig', 'vertrouwd', 'gemak', 'moed', 'amusant', 'gezellig', 'warm', 'vieren', 'verrassing', 'vrij', 'plezier', 'interessant', 'boeien', 'gerust', 'lekker', 'chill', 'overtuigen', 'zalig', 'benieuwd', 'goed', 'nice', 'leuk', 'onschuldig', 'voldoen', 'gezond', 'vertrouwen', 'fijn', 'op_warmen', 'energie', 'grappig', 'wakker', 'blij', 'excited', 'focus', 'verrassen', 'normaal', 'prima', 'genot', 'chillen', 'ça_va', 'verbazen', 'amuseren', 'hopen', 'hoop', 'motivatie', 'vet', 'appreciëren', 'interesseren', 'zeker', 'love', 'genieten', 'vrolijk', 'uit_rusten', 'respect', 'aangenaam', 'tof', 'positief', 'liefdevol', 'veilig', 'trots', 'fantastisch', 'deugd', 'plezant', 'spannend', 'goesting', 'oké', 'relaxen', 'rustig', 'vriendelijk', 'geweldig', 'tevreden', 'vakantie_gevoel', 'uit_kijken', 'geluk', 'productief', 'enthousiast', 'zin']",3.009568496,321,60,"['moeizaam', 'rot', 'slecht_gezind', 'bangelijk', 'stressen', 'ongelukkig', 'aan_doen', 'bang', 'pijn', 'vrezen', 'verschrikkelijk', 'stress', 'verdrietig', 'vervelend', 'beu', 'verliezen', 'saai', 'teleur_stellen', 'onbelangrijk', 'missen', 'kapot', 'spijt', 'tegenzin', 'ongerust', 'erg', 'raken', 'twijfel', 'ziek', 'frustreren', 'vervelen', 'nutteloos', 'moe', 'sluiten', 'teleur_stelling', 'haten', 'vermoeiend', 'sad', 'honger', 'last', 'zenuwachtig', 'irritant', 'twijfelen', 'verlaten', 'zot', 'teleur', 'onverwacht', 'boos', 'schuldig', 'bezorgen', 'spijtig', 'verslaan', 'kwaad', 'af_wachten', 'pijnlijk', 'naïef', 'slecht', 'onnozel', 'belasten', 'irriteren', 'schrik']",3.444555723,222886,2.938267717,1.10503937,22.33333333
!unwx hnsd,412,55,"['gelukkig', 'vertrouwd', 'gemak', 'kracht', 'gezellig', 'warm', 'vieren', 'vrij', 'plezier', 'interessant', 'gerust', 'empathisch', 'ontstressen', 'lekker', 'benieuwd', 'goed', 'nice', 'leuk', 'fijn', 'ontspanning', 'energie', 'wakker', 'blij', 'verrassen', 'normaal', 'ontspannen', 'stabiel', 'lief', 'ça_va', 'verbazen', 'geliefd', 'amuseren', 'hopen', 'hoop', 'happy', 'concentreren', 'interesseren', 'zeker', 'genieten', 'rust', 'uit_rusten', 'verbazingwekkend', 'tof', 'duidelijkheid', 'deugd', 'plezant', 'spannend', 'vrijheid', 'goesting', 'oké', 'rustig', 'uit_kijken', 'geluk', 'verliefd', 'zin']",2.996395621,195,60,"['chaotisch', 'stresserend', 'aan_doen', 'bang', 'pijn', 'gek', 'ongeluk', 'schrikken', 'vrezen', 'verschrikkelijk', 'agressief', 'stress', 'verdrietig', 'vermoeidheid', 'vervelend', 'nerveus', 'vechten', 'verliezen', 'saai', 'bad', 'weg_gooien', 'down', 'kapot', 'erg', 'stressvol', 'raken', 'twijfel', 'storen', 'sarcastisch', 'belachelijk', 'ziek', 'frustreren', 'heftig', 'moe', 'lijden', 'vermoeiend', 'dramatisch', 'honger', 'last', 'zenuwachtig', 'emotioneel', 'verlaten', 'war', 'betwijfelen', 'panikeren', 'verstoren', 'mishandelen', 'over_slaan', 'boos', 'schuldig', 'ambetant', 'spijtig', 'irritatie', 'pijnlijk', 'slecht', 'hatelijk', 'doodop', 'onnozel', 'irriteren', 'frustrerend']",3.34755273,196338,2.916962025,0.830506329,19
!vcra mpyc,951,74,"['energiek', 'focussen', 'gelukkig', 'gemak', 'moed', 'gezellig', 'vieren', 'vrij', 'energetisch', 'plezier', 'interessant', 'boeien', 'gerust', 'kalm', 'lekker', 'chill', 'relaxed', 'zalig', 'benieuwd', 'nuchter', 'goed', 'nice', 'leuk', 'gezelligheid', 'voldoen', 'gezond', 'vertrouwen', 'fijn', 'op_warmen', 'energie', 'grappig', 'wakker', 'blij', 'excited', 'focus', 'normaal', 'actief', 'ontspannen', 'voorbereid', 'chillen', 'op_wenden', 'ça_va', 'amuseren', 'dankbaar', 'voorzichtig', 'hopen', 'hoop', 'motivatie', 'happy', 'concentreren', 'vet', 'interesseren', 'zeker', 'genieten', 'rust', 'uit_rusten', 'aangenaam', 'hyper', 'tof', 'positief', 'trots', 'concentratie', 'ontspannend', 'fine', 'bon', 'spannend', 'oké', 'rustig', 'capabel', 'geweldig', 'tevreden', 'productief', 'verliefd', 'zin']",3.240862217,290,63,"['pittig', 'shitty', 'stresseren', 'angst', 'op_jagen', 'afleiding', 'confronteren', 'vrezen', 'stress', 'eenzaam', 'breakdown', 'vervelend', 'nerveus', 'beu', 'pissed', 'kut', 'verliezen', 'teleur_stellen', 'zielig', 'negeren', 'missen', 'frustratie', 'down', 'beladen', 'kapot', 'piekeren', 'hongerig', 'erg', 'futloos', 'stressvol', 'raken', 'ziek', 'frustreren', 'heftig', 'vervelen', 'nutteloos', 'moe', 'sluiten', 'haten', 'vermoeiend', 'dramatisch', 'sad', 'honger', 'last', 'verminderen', 'zenuwachtig', 'af_haken', 'emotioneel', 'somber', 'angstig', 'boos', 'bezorgen', 'ambetant', 'kwaad', 'spannen', 'schuld', 'af_leiden', 'slecht', 'generen', 'spanning', 'reserveren', 'verlies', 'vermoeid']",3.331936564,200590,3.862820513,0.897948718,26.66666667
!vfkr wtnu,1332,81,"['content', 'energiek', 'gelukkig', 'vertrouwd', 'gemak', 'moed', 'helder', 'gemoedelijk', 'gezellig', 'warm', 'vieren', 'troosten', 'vrij', 'interessant', 'gerust', 'rustgevend', 'kalm', 'lekker', 'relaxed', 'nuchter', 'goed', 'leuk', 'betrekken', 'gezond', 'fijn', 'energie', 'grappig', 'gezelschap', 'wakker', 'blij', 'normaal', 'actief', 'prima', 'stimuleren', 'ontspannen', 'kalmeren', 'hoopvol', 'lief', 'ça_va', 'verbazen', 'gemoed_rust', 'euforisch', 'amuseren', 'waarderen', 'liefde', 'hopen', 'happy', 'prettig', 'zeker', 'genieten', 'vrolijk', 'rust', 'uit_rusten', 'comfortabel', 'aangenaam', 'tof', 'positief', 'veilig', 'gerust_stellen', 'verband', 'trots', 'geruststellend', 'ontspannend', 'ondersteunen', 'motiveren', 'warmte', 'goed_gezind', 'spannend', 'goesting', 'oké', 'rustig', 'gerust_stelling', 'tevreden', 'geluk', 'verbinding', 'productief', 'geduldig', 'enthousiast', 'opluchting', 'zin', 'mee_leven']",2.919303246,489,79,"['versleten', 'pittig', 'ambeteren', 'warrig', 'stresserend', 'slecht_gezind', 'stressen', 'gêne', 'aan_doen', 'triggeren', 'op_jagen', 'ongerustheid', 'bang', 'pijn', 'ongeluk', 'vrezen', 'verschrikkelijk', 'stress', 'verdrietig', 'vermoeidheid', 'vervelend', 'nerveus', 'hangry', 'hangerig', 'beu', 'gestresseerd', 'verliezen', 'saai', 'zielig', 'missen', 'bad', 'suf', 'down', 'ongerust', 'onrust', 'erg', 'raken', 'bezorgdheid', 'storen', 'onrustig', 'ziek', 'moe', 'sluiten', 'lijden', 'vermoeiend', 'honger', 'last', 'droevig', 'emotioneel', 'irritant', 'somber', 'war', 'overstuur', 'bemoeien', 'lui', 'breken', 'conflict', 'demotiverend', 'boos', 'eentonig', 'schuldig', 'bezorgen', 'kinderachtig', 'ambetant', 'overprikkelen', 'spijtig', 'irritatie', 'af_wachten', 'lastig_vallen', 'spannen', 'schuld', 'af_leiden', 'slecht', 'spanning', 'verlangen', 'woede', 'irriteren', 'schrik', 'frustrerend']",3.179321113,180453,2.837572816,0.777864078,20
!vfwz tenw,550,50,"['energiek', 'focussen', 'gelukkig', 'gemak', 'moed', 'gezellig', 'warm', 'vrij', 'energetisch', 'interessant', 'verzadigen', 'rustgevend', 'lekker', 'benieuwd', 'goed', 'leuk', 'voldoen', 'gezond', 'vertrouwen', 'energie', 'grappig', 'opgewekt', 'relativeren', 'wakker', 'blij', 'normaal', 'ontspannen', 'lief', 'verbazen', 'amuseren', 'dankbaar', 'hopen', 'motivatie', 'concentreren', 'zeker', 'genieten', 'rust', 'uit_rusten', 'aangenaam', 'tof', 'concentratie', 'motiveren', 'deugd', 'spannend', 'oké', 'rustig', 'tevreden', 'zelfzeker', 'productief', 'zin']",3.069817457,194,40,"['moeizaam', 'op_jagen', 'afleiding', 'bang', 'vernederend', 'pijn', 'schrikken', 'triestig', 'vervelend', 'nerveus', 'verliezen', 'saai', 'teleur_stellen', 'missen', 'kapot', 'slaperig', 'spijt', 'erg', 'raken', 'prikkelbaar', 'ziek', 'frustreren', 'uitputtend', 'vervelen', 'nutteloos', 'moe', 'vermoeiend', 'honger', 'last', 'lastig', 'lui', 'ambetant', 'spijtig', 'demotiveren', 'af_leiden', 'slecht', 'verlangen', 'irriteren', 'schrik', 'frustrerend']",3.234744292,222442,4.654578313,1.515301205,27.33333333
!vgjd xgeh,575,60,"['energiek', 'gelukkig', 'gemak', 'moed', 'steunen', 'gezellig', 'warm', 'vieren', 'vrij', 'interessant', 'lekker', 'chill', 'relaxed', 'overtuigen', 'zalig', 'benieuwd', 'goed', 'leuk', 'gezond', 'fijn', 'energie', 'grappig', 'wakker', 'blij', 'normaal', 'prima', 'ontspannen', 'lief', 'chillen', 'geliefd', 'fier', 'liefde', 'hopen', 'hoop', 'concentreren', 'interesseren', 'zeker', 'genieten', 'vrolijk', 'rust', 'uit_rusten', 'positief', 'trots', 'bon', 'duidelijkheid', 'nostalgisch', 'deugd', 'spannend', 'oké', 'relaxen', 'rustig', 'uit_kijken', 'cool', 'geluk', 'productief', 'verliefd', 'ambitie', 'enthousiast', 'opluchting', 'zin']",3.060713481,316,64,"['pittig', 'chaotisch', 'stresserend', 'stressen', 'angst', 'op_jagen', 'onhaaglijk', 'pijn', 'gek', 'negatief', 'vrezen', 'verschrikkelijk', 'stress', 'verdrietig', 'gemeen', 'vervelend', 'teleur_stellen', 'zielig', 'missen', 'bad', 'weg_gooien', 'down', 'kapot', 'wreed', 'overprikkeld', 'erg', 'stressvol', 'raken', 'compliceren', 'storen', 'ziek', 'frustreren', 'heftig', 'moe', 'puzzelen', 'ernstig', 'teleur_stelling', 'ergeren', 'vermoeiend', 'honger', 'last', 'haat', 'zenuwachtig', 'af_haken', 'emotioneel', 'geïrriteerd', 'twijfelen', 'lastig', 'onzeker', 'boos', 'ambetant', 'overprikkelen', 'onduidelijk', 'kwaad', 'af_wachten', 'lastig_vallen', 'spannen', 'slecht', 'koppig', 'spanning', 'verwarring', 'irriteren', 'schrik', 'frustrerend']",3.456473685,192490,4.116804734,2.21443787,23.4
!vkog pnyq,1008,87,"['content', 'gelukkig', 'verbinden', 'moed', 'kracht', 'gezellig', 'warm', 'vrij', 'interessant', 'gerust', 'chill', 'overtuigen', 'opwindend', 'zalig', 'benieuwd', 'goed', 'nice', 'leuk', 'gezelligheid', 'gezond', 'vertrouwen', 'fijn', 'energie', 'machtig', 'wakker', 'good', 'inspireren', 'blij', 'normaal', 'actief', 'motiverend', 'krachtig', 'prima', 'ontspannen', 'stabiel', 'kalmeren', 'lief', 'chillen', 'op_wenden', 'connectie', 'ça_va', 'verbazen', 'geliefd', 'fier', 'amuseren', 'dankbaar', 'activeren', 'bevestigen', 'hopen', 'verliefdheid', 'hoop', 'motivatie', 'happy', 'concentreren', 'zeker', 'love', 'genieten', 'na_genieten', 'uit_rusten', 'aangenaam', 'positief', 'ambitieus', 'verbazend', 'veilig', 'gerust_stellen', 'fantastisch', 'accepteren', 'geruststellend', 'motiveren', 'feliciteren', 'goed_gezind', 'spannend', 'vrijheid', 'oké', 'rustig', 'vriendelijk', 'neutraal', 'cool', 'beter_gezind', 'geluk', 'zelfzeker', 'op_fleuren', 'productief', 'verliefd', 'opluchting', 'zin', 'zelfvertrouwen']",3.160638419,426,102,"['denigrerend', 'depressief', 'machteloos', 'melancholie', 'stresserend', 'paniekerig', 'slecht_gezind', 'moeheid', 'stressen', 'ongelukkig', 'angst', 'op_jagen', 'afleiding', 'bang', 'pijn', 'schamen', 'gek', 'negatief', 'ongemakkelijkheid', 'vrezen', 'oncomfortabel', 'stress', 'verdrietig', 'vermoeidheid', 'eenzaam', 'asociaal', 'nerveus', 'beu', 'gestresseerd', 'misselijkheid', 'kut', 'verliezen', 'vreselijk', 'saai', 'teleur_stellen', 'wanhopig', 'missen', 'suf', 'down', 'faal_angst', 'piekeren', 'grumpy', 'af_wijzen', 'ongerust', 'hongerig', 'erg', 'heimwee', 'raken', 'prikkelbaar', 'overweldig', 'onrustig', 'ziek', 'frustreren', 'heftig', 'vervelen', 'moe', 'jagen', 'neurotisch', 'pessimistisch', 'overdrijven', 'vermoeiend', 'dramatisch', 'honger', 'schaamte', 'hysterisch', 'hopeloos', 'last', 'ongemotiveerd', 'zenuwachtig', 'emotioneel', 'geïrriteerd', 'schuld_gevoel', 'twijfelen', 'respectloos', 'deprimerend', 'somber', 'kwalijk', 'lastig', 'onzeker', 'angstig', 'zot', 'onverwacht', 'boos', 'schuldig', 'bezorgen', 'onaangenaam', 'onduidelijk', 'kwaad', 'overweldigen', 'uit_sluiten', 'kwetsen', 'schuld', 'af_leiden', 'slecht', 'minderen', 'paniek', 'crazy', 'arrogant', 'irriteren', 'melancholisch', 'schrik', 'frustrerend']",3.745352296,179394,3.628464567,1.570433071,17.8
!vten tywk,1703,90,"['energiek', 'spontaan', 'focussen', 'gelukkig', 'gemak', 'moed', 'focused', 'gezellig', 'warm', 'vrij', 'interessant', 'boeien', 'gerust', 'kalm', 'lekker', 'chill', 'relaxed', 'opwindend', 'benieuwd', 'goed', 'nice', 'interesse', 'leuk', 'betrekken', 'voldoen', 'vertrouwen', 'geïnteresseerd', 'fijn', 'ontspanning', 'energie', 'grappig', 'gezelschap', 'wakker', 'blij', 'excited', 'verrassen', 'normaal', 'actief', 'prima', 'ontspannen', 'kalmeren', 'hoopvol', 'lief', 'chillen', 'verheugen', 'ça_va', 'amuseren', 'alright', 'dankbaar', 'waarderen', 'vastberaden', 'hopen', 'hoop', 'concentreren', 'prettig', 'interesseren', 'zeker', 'top', 'love', 'vrolijk', 'rust', 'uit_rusten', 'sukkelen', 'moeien', 'aangenaam', 'hyper', 'tof', 'positief', 'gerust_stellen', 'verband', 'trots', 'concentratie', 'opluchtend', 'ontspannend', 'motiveren', 'kalmerend', 'spannend', 'vrijheid', 'oké', 'relaxen', 'rustig', 'vriendelijk', 'tevreden', 'neutraal', 'nieuwsgierig', 'geluk', 'productief', 'enthousiast', 'zin', 'zelfvertrouwen']",3.147610864,719,97,"['depressief', 'machteloos', 'overwerken', 'rot', 'stressen', 'ongelukkig', 'angst', 'verdriet', 'bang', 'pijn', 'schamen', 'confronteren', 'negatief', 'ongeluk', 'schrikken', 'gefrustreerd', 'vrezen', 'verschrikkelijk', 'stress', 'verdrietig', 'ontgoocheld', 'vermoeidheid', 'eenzaam', 'pech', 'vervelend', 'teleurstellend', 'beledigen', 'gestresseerd', 'kut', 'verliezen', 'ergerlijk', 'miserie', 'saai', 'teleur_stellen', 'zielig', 'missen', 'kapot', 'wreed', 'grumpy', 'ongerust', 'hongerig', 'ontevreden', 'erg', 'heimwee', 'stressvol', 'raken', 'twijfel', 'storen', 'burn-out', 'onrustig', 'ziek', 'frustreren', 'vervelen', 'nutteloos', 'moe', 'sluiten', 'vermoeiend', 'sad', 'honger', 'hopeloos', 'last', 'geïrriteerd', 'irritant', 'twijfelen', 'respectloos', 'onverschillig', 'somber', 'kwalijk', 'lastig', 'onzeker', 'angstig', 'zot', 'over_slaan', 'conflict', 'beschaamd', 'boos', 'schuldig', 'bezorgen', 'verontrusten', 'duizelig', 'twijfelachtig', 'spijtig', 'onduidelijk', 'demotiveren', 'overweldigen', 'spannen', 'schuld', 'af_leiden', 'slecht', 'spanning', 'irriterend', 'forceren', 'verslag', 'irriteren', 'verlies', 'frustrerend', 'vermoeid']",3.543261345,221835,3.887701149,1.582452107,18.16666667
!wjxo jfvq,365,47,"['content', 'energiek', 'focussen', 'gelukkig', 'gemak', 'moed', 'tam', 'gezellig', 'warm', 'vrij', 'plezier', 'interessant', 'kalm', 'lekker', 'overtuigen', 'goed', 'leuk', 'energie', 'wakker', 'blij', 'focus', 'prima', 'hopen', 'hoop', 'concentreren', 'prettig', 'zeker', 'genieten', 'rust', 'sukkelen', 'aangenaam', 'positief', 'trots', 'concentratie', 'ontspannend', 'bereid', 'warmte', 'plezant', 'goesting', 'oké', 'rustig', 'vriendelijk', 'geweldig', 'tevreden', 'productief', 'zin', 'zelfvertrouwen']",2.796741402,117,35,"['moeizaam', 'stresserend', 'paniekerig', 'stressen', 'stress', 'eenzaam', 'beu', 'verliezen', 'miserie', 'dementeren', 'saai', 'teleur_stellen', 'suf', 'tragisch', 'erg', 'raken', 'ziek', 'frustreren', 'vervelen', 'moe', 'honger', 'last', 'geïrriteerd', 'twijfelen', 'war', 'lastig', 'lui', 'krap', 'boos', 'af_leiden', 'slecht', 'minderen', 'reserveren', 'irriteren', 'frustrerend']",3.085268196,236693,4.116407186,1.019640719,22.33333333
!xbfw hdzx,824,71,"['energiek', 'overheerlijk', 'gelukkig', 'gemak', 'moed', 'zinnig', 'gezellig', 'warm', 'vieren', 'troosten', 'vrij', 'plezier', 'interessant', 'kalm', 'lekker', 'overtuigen', 'zalig', 'benieuwd', 'goed', 'nice', 'leuk', 'gezond', 'vertrouwen', 'fijn', 'energie', 'grappig', 'wakker', 'good', 'gereed', 'blij', 'focus', 'normaal', 'actief', 'motiverend', 'hoopvol', 'lief', 'chillen', 'ça_va', 'geliefd', 'euforisch', 'amuseren', 'hopen', 'hoop', 'motivatie', 'interesseren', 'optimistisch', 'zeker', 'genieten', 'uit_rusten', 'aangenaam', 'tof', 'positief', 'begrijpbaar', 'veilig', 'concentratie', 'bon', 'motiveren', 'verstandig', 'deugd', 'plezant', 'spannend', 'goesting', 'oké', 'rustig', 'tevreden', 'uit_kijken', 'neutraal', 'cool', 'productief', 'zin', 'zelfvertrouwen']",3.014285163,200,63,"['machteloos', 'overwerken', 'moeizaam', 'rot', 'chaotisch', 'stresserend', 'stressen', 'verwarrend', 'aan_doen', 'bang', 'pijn', 'gek', 'confronteren', 'ongeluk', 'triestig', 'verschrikkelijk', 'verdoven', 'stress', 'medelijden', 'eenzaam', 'vervelend', 'kut', 'verliezen', 'miserie', 'saai', 'negeren', 'missen', 'suf', 'kapot', 'erg', 'raken', 'ziek', 'frustreren', 'nutteloos', 'moe', 'puzzelen', 'sluiten', 'ontmoedigend', 'vermoeiend', 'honger', 'drukken', 'last', 'emotioneel', 'twijfelen', 'stroef', 'lastig', 'zot', 'lui', 'boos', 'schuldig', 'bezorgen', 'kwaad', 'onnuttig', 'spannen', 'af_leiden', 'slecht', 'minderen', 'crazy', 'onproductief', 'schade', 'arrogant', 'verlies', 'frustrerend']",3.553627773,231492,2.679796748,0.638699187,24.83333333
!xdco rsky,1448,90,"['fun', 'focussen', 'gelukkig', 'verbinden', 'gemak', 'waardevol', 'moed', 'gezellig', 'warm', 'verrassing', 'vrij', 'plezier', 'welverdiend', 'interessant', 'boeien', 'gerust', 'lekker', 'chill', 'relaxed', 'zalig', 'benieuwd', 'goed', 'nice', 'interesse', 'leuk', 'voldoen', 'gezond', 'vertrouwen', 'fijn', 'succesvol', 'ontspanning', 'op_warmen', 'engageren', 'viering', 'energie', 'opgewekt', 'gezelschap', 'wakker', 'good', 'blij', 'verrassen', 'normaal', 'chilling', 'actief', 'prima', 'ontspannen', 'lief', 'chillen', 'ça_va', 'amuseren', 'voorzichtig', 'hopen', 'motivatie', 'happy', 'vet', 'prettig', 'appreciëren', 'zeker', 'top', 'genieten', 'rust', 'uit_rusten', 'aangenaam', 'hyper', 'tof', 'positief', 'verband', 'trots', 'accepteren', 'ontspannend', 'zelfstandigheid', 'bon', 'motiveren', 'plezant', 'spannend', 'vrijheid', 'goesting', 'oké', 'relaxen', 'rustig', 'vriendelijk', 'heerlijk', 'geweldig', 'tevreden', 'uit_kijken', 'cool', 'geluk', 'productief', 'indrukwekkend', 'zin']",3.00355102,229,59,"['moeizaam', 'chaotisch', 'schok', 'stressen', 'verwarrend', 'pijn', 'gek', 'negatief', 'ongeluk', 'verschrikkelijk', 'stress', 'gemeen', 'vervelend', 'dwingen', 'gestresseerd', 'impulsief', 'kut', 'verliezen', 'saai', 'missen', 'bad', 'piekeren', 'erg', 'stressvol', 'raken', 'inspanning', 'storen', 'ziek', 'heftig', 'gevecht', 'moe', 'ergeren', 'haten', 'vermoeiend', 'honger', 'supporteren', 'last', 'twijfelen', 'verlaten', 'war', 'lastig', 'boos', 'schuldig', 'bezorgen', 'ambetant', 'over_werken', 'spijtig', 'onduidelijk', 'uitdaging', 'pijnlijk', 'spannen', 'af_leiden', 'slecht', 'spanning', 'uit_dagen', 'paniek', 'onproductief', 'schrik', 'frustrerend']",3.370493308,224650,3.013389121,0.658410042,24
!xhzh sswh,588,82,"['content', 'fun', 'spontaan', 'focussen', 'gelukkig', 'verbinden', 'energietisch', 'gezellig', 'warm', 'vrij', 'sure', 'plezier', 'interessant', 'boeien', 'gerust', 'kalm', 'chill', 'trotseren', 'op_wekken', 'overtuigen', 'benieuwd', 'goed', 'relaxant', 'relaxerend', 'leuk', 'behulpzaam', 'betrekken', 'voldoen', 'gezond', 'vertrouwen', 'fijn', 'energie', 'grappig', 'wakker', 'good', 'blij', 'focus', 'normaal', 'actief', 'ontspannen', 'kalmeren', 'lief', 'chillen', 'connectie', 'ça_va', 'verbazen', 'geliefd', 'alright', 'dankbaar', 'viben', 'intiem', 'liefde', 'hopen', 'hoop', 'concentreren', 'zeker', 'exciting', 'top', 'love', 'genieten', 'rust', 'uit_rusten', 'hyper', 'tof', 'verbazend', 'veilig', 'trots', 'accepteren', 'bon', 'plezant', 'spannend', 'goesting', 'oké', 'relaxen', 'rustig', 'vriendelijk', 'geweldig', 'verbinding', 'productief', 'enthousiast', 'sexy', 'zin']",3.141454539,266,84,"['pittig', 'depressief', 'rot', 'chaotisch', 'stresserend', 'stresseren', 'verwarrend', 'falen', 'pijn', 'gek', 'ongeluk', 'miserabel', 'verschrikkelijk', 'stress', 'medelijden', 'exhausted', 'eenzaam', 'vervelend', 'nerveus', 'beu', 'gestresseerd', 'impulsief', 'kut', 'verliezen', 'miserie', 'teleur_stellen', 'annoyed', 'awkward', 'missen', 'bad', 'kapot', 'erg', 'heimwee', 'terreur', 'raken', 'storen', 'belachelijk', 'ziek', 'frustreren', 'deprimeren', 'moe', 'puzzelen', 'sluiten', 'ernstig', 'teleur_stelling', 'haten', 'overdrijven', 'ambetantigheid', 'sad', 'laf', 'honger', 'schaamte', 'drukken', 'last', 'irritant', 'schuld_gevoel', 'twijfelen', 'isoleren', 'zot', 'breken', 'stressed', 'gênant', 'boos', 'bezorgen', 'eng', 'ambetant', 'spijtig', 'verslaan', 'ruw', 'onduidelijk', 'kwaad', 'uitdaging', 'schuld', 'af_leiden', 'slecht', 'struggle', 'paniek', 'crazy', 'hyperfixatie', 'depressie', 'limiteren', 'bitter', 'irriteren', 'frustrerend']",3.777890404,192568,3.135019305,1.230501931,22
!xmjt djgs,1270,115,"['content', 'focussen', 'gelukkig', 'verbinden', 'blijdschap', 'gemak', 'energietisch', 'moed', 'respecteren', 'kracht', 'gezellig', 'warm', 'vieren', 'troosten', 'vrij', 'plezier', 'interessant', 'boeien', 'luchtig', 'evenwicht', 'verzadigen', 'enthousiasme', 'gerust', 'rustgevend', 'kalm', 'lekker', 'benieuwd', 'nuchter', 'goed', 'leuk', 'gezelligheid', 'voldoen', 'gezond', 'vertrouwen', 'fijn', 'ontspanning', 'op_warmen', 'energie', 'grappig', 'relativeren', 'gezelschap', 'wakker', 'inspireren', 'blij', 'focus', 'verrassen', 'normaal', 'motiverend', 'krachtig', 'prima', 'stimuleren', 'ontspannen', 'hoopvol', 'lief', 'verbondenheid', 'connectie', 'ça_va', 'gemoed_rust', 'fier', 'amuseren', 'activeren', 'beleven', 'bevestigen', 'voorzichtig', 'intiem', 'liefde', 'hopen', 'opgetogen', 'hoop', 'motivatie', 'appreciëren', 'interesseren', 'optimistisch', 'zeker', 'enthousiasmeren', 'top', 'genieten', 'kalmte', 'rust', 'uit_rusten', 'comfortabel', 'empathie', 'respect', 'humor', 'moeien', 'aangenaam', 'tof', 'positief', 'welzijn', 'veilig', 'trots', 'fantastisch', 'geruststellend', 'ontspannend', 'ondersteunen', 'motiveren', 'warmte', 'goed_gezind', 'zinvol', 'deugd', 'plezant', 'spannend', 'vrijheid', 'oké', 'rustig', 'gerust_stelling', 'heerlijk', 'geweldig', 'prikkelen', 'tevreden', 'bevredigen', 'nieuwsgierig', 'loyaliteit', 'enthousiast', 'zin']",3.405140925,311,98,"['introspectief', 'moeizaam', 'rot', 'slecht_gezind', 'stressen', 'ongelukkig', 'verwarrend', 'falen', 'angst', 'op_jagen', 'pijn', 'negatief', 'ongezellig', 'zinloos', 'moedeloos', 'verschrikkelijk', 'agressief', 'stress', 'vermoeidheid', 'in_trekken', 'beu', 'vechten', 'impulsief', 'kut', 'wazig', 'verliezen', 'miserie', 'onbelangrijk', 'negeren', 'missen', 'frustratie', 'bad', 'suf', 'kapot', 'onveilig', 'wreed', 'paniek_reactie', 'ongerust', 'hongerig', 'intimideren', 'erg', 'futloos', 'raken', 'twijfel', 'inspanning', 'storen', 'ongemak', 'onrustig', 'ziek', 'gevecht', 'nutteloos', 'moe', 'jagen', 'sluiten', 'neurotisch', 'op_rommelen', 'pessimistisch', 'ergeren', 'vermoeiend', 'honger', 'drukken', 'last', 'zenuwachtig', 'emotioneel', 'twijfelen', 'intriest', 'panikeren', 'lastig', 'onzeker', 'onverwacht', 'breken', 'conflict', 'demotiverend', 'boos', 'schuldig', 'alertheid', 'ambetant', 'shockeren', 'onduidelijk', 'demotiveren', 'af_wachten', 'uitdaging', 'pijnlijk', 'spannen', 'schuld', 'kritisch', 'naïef', 'slecht', 'rommelig', 'koppig', 'forceren', 'agressie', 'paniek', 'verlangen', 'onnozel', 'frustrerend', 'radeloos', 'vermoeid']",3.833876721,179400,4.21356,0.80608,19.2
!xmkn zbur,1330,120,"['content', 'energiek', 'focussen', 'gelukkig', 'verbinden', 'gemak', 'moed', 'steunen', 'zinnig', 'sereen', 'gezellig', 'warm', 'verrassing', 'vrij', 'plezier', 'interessant', 'boeien', 'inspirerend', 'evenwicht', 'enthousiasme', 'passioneren', 'gerust', 'rustgevend', 'kalm', 'lekker', 'overtuigen', 'zalig', 'fascineren', 'goed', 'interesse', 'vereren', 'leuk', 'behulpzaam', 'betrekken', 'voldoen', 'gezond', 'vertrouwen', 'zekerheid', 'fijn', 'vernieuwen', 'engageren', 'energie', 'grappig', 'opgewekt', 'passie', 'gezelschap', 'wakker', 'verrassend', 'inspireren', 'blij', 'verrassen', 'normaal', 'actief', 'motiverend', 'stimuleren', 'ontspannen', 'stabiel', 'kalmeren', 'hoopvol', 'lief', 'verbondenheid', 'op_wenden', 'ça_va', 'herstellen', 'ontroerend', 'fier', 'amuseren', 'dankbaar', 'beleven', 'bevestigen', 'voorzichtig', 'liefde', 'hopen', 'hoop', 'concentreren', 'troost', 'appreciëren', 'interesseren', 'zeker', 'genieten', 'vrolijk', 'rust', 'uit_rusten', 'comfortabel', 'sukkelen', 'aangenaam', 'tof', 'positief', 'liefdevol', 'gerust_stellen', 'verband', 'fantastisch', 'concentratie', 'ontspannend', 'bon', 'duidelijkheid', 'curieus', 'verwenden', 'ondersteunen', 'motiveren', 'goed_gezind', 'exciteren', 'deugd', 'plezant', 'spannend', 'oké', 'comfort', 'subliem', 'verwonderen', 'rustig', 'gerust_stelling', 'vriendelijk', 'tevreden', 'uit_kijken', 'nieuwsgierig', 'geluk', 'enthousiast', 'opluchting', 'indrukwekkend', 'zin']",3.48880054,514,123,"['depressief', 'chaotisch', 'ambeteren', 'stresserend', 'slecht_gezind', 'jaloers', 'stresseren', 'verwarrend', 'triest', 'aan_doen', 'angst', 'verdriet', 'op_jagen', 'bang', 'pijn', 'gek', 'confronteren', 'negatief', 'degouteren', 'schrikken', 'dementerend', 'triestig', 'vrezen', 'verschrikkelijk', 'stress', 'vervelend', 'beu', 'vechten', 'shockerend', 'overspannen', 'impulsief', 'verliezen', 'vreselijk', 'dementeren', 'machteloosheid', 'teleur_stellen', 'wanhopig', 'koortsig', 'missen', 'frustratie', 'grieperig', 'bad', 'down', 'kapot', 'boosheid', 'spijt', 'ongerust', 'labiel', 'onrust', 'choqueren', 'erg', 'raken', 'inspanning', 'storen', 'onrustig', 'ziek', 'frustreren', 'gevecht', 'deprimeren', 'moe', 'teleur_stelling', 'ergeren', 'zelfvoldaan', 'rouw', 'overdrijven', 'vermoeiend', 'supporteren', 'last', 'zenuwachtig', 'af_haken', 'trauma', 'emotioneel', 'schuld_gevoel', 'twijfelen', 'kritiek', 'verlaten', 'war', 'stroef', 'panikeren', 'overstuur', 'lastig', 'onzeker', 'onverwacht', 'breken', 'krap', 'gênant', 'beschaamd', 'boos', 'bezorgen', 'verontrusten', 'spijtig', 'verslaan', 'shockeren', 'kwaad', 'af_wachten', 'uitdaging', 'pijnlijk', 'spannen', 'uit_sluiten', 'terughoudend', 'kwetsen', 'schuld', 'af_leiden', 'zorgwekkend', 'kritisch', 'afschuwelijk', 'slecht', 'koppig', 'generen', 'schokken', 'spanning', 'uit_dagen', 'paniek', 'geëmotioneerd', 'verwarring', 'benauwd', 'depressie', 'schade', 'onnozel', 'verslag', 'schrik', 'frustrerend', 'perfectionistisch']",4.140787338,184579,2.852408759,0.957627737,26.5
!xsyv mukr,1952,114,"['energiek', 'focussen', 'gelukkig', 'blijdschap', 'gemak', 'moed', 'sereen', 'plezierig', 'gezellig', 'warm', 'vieren', 'vrij', 'plezier', 'interessant', 'boeien', 'enthousiasme', 'gerust', 'op_peppen', 'ontstressen', 'lekker', 'chill', 'cozy', 'overtuigen', 'zalig', 'benieuwd', 'goed', 'bewonderen', 'interesse', 'leuk', 'gezelligheid', 'voldoen', 'gezond', 'vertrouwen', 'zekerheid', 'geïnteresseerd', 'fijn', 'ontspanning', 'op_warmen', 'leergierig', 'aandachtig', 'energie', 'opgewekt', 'wakker', 'good', 'blij', 'focus', 'normaal', 'actief', 'ontspannen', 'stabiel', 'feestelijk', 'hoopvol', 'lief', 'verbondenheid', 'ça_va', 'amuseren', 'dankbaar', 'levendig', 'beleven', 'hopen', 'hoop', 'motivatie', 'wonder', 'concentreren', 'verbouweren', 'vet', 'troost', 'appreciëren', 'optimistisch', 'zeker', 'top', 'genieten', 'vrolijk', 'rust', 'uit_rusten', 'comfortabel', 'respect', 'tof', 'vrede', 'gelukzalig', 'positief', 'liefdevol', 'verband', 'trots', 'fantastisch', 'gemotiveerd', 'concentratie', 'ontspannend', 'bon', 'duidelijkheid', 'motiveren', 'nostalgisch', 'warmte', 'verstandig', 'deugd', 'plezant', 'spannend', 'goesting', 'oké', 'relaxen', 'rustig', 'gerust_stelling', 'geweldig', 'tevreden', 'uit_kijken', 'neutraal', 'nieuwsgierig', 'dankbaarheid', 'geluk', 'enthousiast', 'opluchting', 'zin', 'zelfvertrouwen', 'mee_leven']",3.378661457,275,70,"['moeizaam', 'rot', 'stresserend', 'slecht_gezind', 'triest', 'aan_doen', 'angst', 'suffen', 'afleiding', 'shocking', 'bang', 'pijn', 'neerslachtig', 'negatief', 'ongeluk', 'schrikken', 'triestig', 'vrezen', 'stress', 'verdrietig', 'vermoeidheid', 'ellendig', 'vervelend', 'beu', 'vechten', 'teleur_stellen', 'missen', 'frustratie', 'bad', 'slaperig', 'gevoelig', 'haastig', 'angstgevoel', 'erg', 'futloos', 'raken', 'storen', 'ziek', 'frustreren', 'moe', 'jagen', 'sluiten', 'ernstig', 'teleur_stelling', 'ergeren', 'vermoeiend', 'dramatisch', 'honger', 'drukken', 'last', 'war', 'stroef', 'lastig', 'zuur', 'angstig', 'lazy', 'onverwacht', 'onduidelijk', 'kwaad', 'af_wachten', 'pijnlijk', 'af_leiden', 'slecht', 'spanning', 'minderen', 'forceren', 'belasten', 'irriteren', 'schrik', 'frustrerend']",3.628519675,191185,5.127319149,0.682808511,23
!xzgt jxwq,1422,76,"['content', 'energiek', 'gelukkig', 'verbinden', 'moed', 'kracht', 'gezellig', 'warm', 'vieren', 'vrij', 'avontuurlijk', 'plezier', 'interessant', 'gerust', 'rustgevend', 'lekker', 'benieuwd', 'goed', 'nice', 'interesse', 'leuk', 'gezond', 'vernieuwen', 'ontspanning', 'op_warmen', 'energie', 'grappig', 'wakker', 'verrassend', 'blij', 'verrassen', 'normaal', 'actief', 'ontspannen', 'kalmeren', 'lief', 'chillen', 'amuseren', 'hopen', 'motivatie', 'concentreren', 'appreciëren', 'interesseren', 'zeker', 'top', 'genieten', 'uit_rusten', 'sukkelen', 'animeren', 'respect', 'verbazingwekkend', 'aangenaam', 'tof', 'positief', 'trots', 'concentratie', 'accepteren', 'ontspannend', 'bon', 'motiveren', 'warmte', 'deugd', 'plezant', 'spannend', 'goesting', 'oké', 'relaxen', 'rustig', 'vriendelijk', 'power', 'tevreden', 'uit_kijken', 'cool', 'geluk', 'productief', 'zin']",2.904732461,343,69,"['rot', 'verwarrend', 'aan_doen', 'falen', 'pijn', 'gek', 'vrezen', 'stress', 'gemeen', 'verergeren', 'vervelend', 'beu', 'impulsief', 'kut', 'verliezen', 'saai', 'teleur_stellen', 'missen', 'weg_gooien', 'kapot', 'spijt', 'erg', 'stressvol', 'raken', 'twijfel', 'storen', 'verwarren', 'ziek', 'frustreren', 'deprimeren', 'moe', 'puzzelen', 'sluiten', 'ernstig', 'lijden', 'ergeren', 'vermoeiend', 'laf', 'honger', 'last', 'irritant', 'twijfelen', 'verlaten', 'stroef', 'betwijfelen', 'lastig', 'zot', 'breken', 'af_wisselen', 'demotiverend', 'boos', 'schuldig', 'eng', 'ambetant', 'spijtig', 'onduidelijk', 'kwaad', 'onnuttig', 'schuld', 'af_leiden', 'slecht', 'minderen', 'onduidelijkheid', 'verslag', 'arrogant', 'irriteren', 'verlies', 'schrik', 'frustrerend']",3.599679589,226687,2.915643154,0.889585062,20.5
!yuqv pyen,506,66,"['energiek', 'focussen', 'gelukkig', 'moed', 'veiligheid', 'plezierig', 'warm', 'vieren', 'vrij', 'interessant', 'boeien', 'gerust', 'kalm', 'lekker', 'chill', 'goed', 'relaxerend', 'interesse', 'leuk', 'betrekken', 'voldoen', 'gezond', 'vertrouwen', 'fijn', 'op_warmen', 'energie', 'grappig', 'wakker', 'good', 'focus', 'normaal', 'motiverend', 'prima', 'chillen', 'ça_va', 'herstellen', 'amuseren', 'hopen', 'hoop', 'motivatie', 'concentreren', 'interesseren', 'zeker', 'rust', 'uit_rusten', 'comfortabel', 'tof', 'vrede', 'positief', 'veilig', 'concentratie', 'motiveren', 'warmte', 'plezant', 'spannend', 'goesting', 'oké', 'rustig', 'tevreden', 'uit_kijken', 'cool', 'medeleven', 'geluk', 'productief', 'geduldig', 'zin']",3.153542835,266,60,"['introspectief', 'moeheid', 'ongelukkig', 'verwarrend', 'aan_doen', 'falen', 'angst', 'pijn', 'gek', 'ongeluk', 'schrikken', 'vrezen', 'stress', 'vermoeidheid', 'pech', 'nerveus', 'beu', 'kut', 'verliezen', 'saai', 'teleur_stellen', 'onbelangrijk', 'missen', 'down', 'kapot', 'spijt', 'erg', 'stressvol', 'raken', 'inspanning', 'ziek', 'heftig', 'gevecht', 'nutteloos', 'moe', 'sluiten', 'hekel', 'lijden', 'haten', 'vermoeiend', 'honger', 'verminderen', 'emotioneel', 'geïrriteerd', 'irritant', 'zuur', 'zot', 'ongeduldig', 'lui', 'boos', 'schuldig', 'duizelig', 'spijtig', 'spooky', 'pijnlijk', 'slecht', 'paniek', 'schrik', 'frustrerend', 'onzekerheid']",3.236866004,234951,2.489317073,1.072243902,24.83333333
!yuua jtva,927,89,"['energiek', 'focussen', 'gelukkig', 'gemak', 'moed', 'tam', 'helder', 'kracht', 'gezellig', 'warm', 'verrassing', 'vrij', 'gerust', 'rustgevend', 'kalm', 'affectie', 'lekker', 'surprise', 'chill', 'relaxed', 'zalig', 'benieuwd', 'goed', 'nice', 'interesse', 'leuk', 'voldoen', 'gezond', 'vertrouwen', 'zekerheid', 'fijn', 'succesvol', 'ontspanning', 'op_warmen', 'energie', 'opgewekt', 'gezelschap', 'wakker', 'blij', 'normaal', 'prima', 'ontspannen', 'stabiel', 'lief', 'chillen', 'ça_va', 'verbazen', 'amuseren', 'vastberaden', 'hopen', 'hoop', 'motivatie', 'zeker', 'top', 'genieten', 'vrolijk', 'rust', 'comfortabel', 'empathie', 'respect', 'aangenaam', 'motivering', 'tof', 'positief', 'gerust_stellen', 'verband', 'trots', 'concentratie', 'verleiding', 'ontspannend', 'bon', 'motiveren', 'warmte', 'goed_gezind', 'deugd', 'spannend', 'goesting', 'oké', 'rustig', 'tevreden', 'verrijken', 'uit_kijken', 'neutraal', 'geluk', 'verbinding', 'productief', 'enthousiast', 'zin', 'zelfvertrouwen']",3.321559874,435,105,"['pittig', 'moeizaam', 'paniekerig', 'slecht_gezind', 'moeheid', 'stresseren', 'aan_doen', 'angst', 'op_jagen', 'afleiding', 'bang', 'pijn', 'gek', 'negatief', 'ongeluk', 'schrikken', 'moedeloos', 'vrezen', 'oncomfortabel', 'stress', 'verdrietig', 'onrustigheid', 'eenzaam', 'thesis_stress', 'vervelend', 'beu', 'dwingen', 'gestresseerd', 'pissed', 'kut', 'verliezen', 'saai', 'onbelangrijk', 'zielig', 'beangstigen', 'wanhopig', 'missen', 'passief', 'wisselvallig', 'frustratie', 'bad', 'down', 'kapot', 'slaperig', 'honger_gevoel', 'spijt', 'achter_laten', 'ongerust', 'fomo', 'erg', 'raken', 'twijfel', 'storen', 'belachelijk', 'onrustig', 'ziek', 'frustreren', 'heftig', 'uitputtend', 'deprimeren', 'moe', 'puzzelen', 'sluiten', 'ernstig', 'ergeren', 'haten', 'vermoeiend', 'honger', 'meh', 'last', 'op_fokken', 'droevig', 'zenuwachtig', 'irritant', 'twijfelen', 'somber', 'kwalijk', 'lastig', 'angstig', 'zot', 'ongeduldig', 'lui', 'krap', 'conflict', 'boos', 'schuldig', 'bezorgen', 'eng', 'ambetant', 'verontrustend', 'overprikkelen', 'spijtig', 'kwaad', 'pijnlijk', 'overweldigen', 'waardeloos', 'af_leiden', 'slecht', 'rommelig', 'generen', 'paniek', 'irriteren', 'schrik', 'frustrerend', 'perfectionistisch']",3.947491016,180951,2.821,1.22825,19
!zpvp zmoq,1368,108,"['content', 'spontaan', 'focussen', 'gelukkig', 'gemak', 'steunen', 'tam', 'gemoedelijk', 'veiligheid', 'plezierig', 'gezellig', 'drijven', 'warm', 'opgelucht', 'vieren', 'verrassing', 'vrij', 'plezier', 'boeien', 'evenwicht', 'gerust', 'rustgevend', 'affectie', 'romantisch', 'lekker', 'chill', 'relaxed', 'zalig', 'benieuwd', 'goed', 'begripvol', 'leuk', 'behulpzaam', 'gezelligheid', 'gezond', 'vertrouwen', 'zekerheid', 'fijn', 'energie', 'grappig', 'relativeren', 'wakker', 'good', 'anticiperen', 'blij', 'excited', 'focus', 'verrassen', 'normaal', 'actief', 'krachtig', 'stimuleren', 'ontspannen', 'hoopvol', 'lief', 'chillen', 'ça_va', 'fier', 'amuseren', 'compassie', 'dankbaar', 'levendig', 'bevestigen', 'voorzichtig', 'liefde', 'hopen', 'hoop', 'happy', 'interesseren', 'zeker', 'positiviteit', 'top', 'genieten', 'vrolijk', 'rust', 'na_genieten', 'uit_rusten', 'aangenaam', 'tof', 'gelukzalig', 'positief', 'gerust_stellen', 'geruststellend', 'rusten', 'lust', 'fine', 'bon', 'motiveren', 'warmte', 'goed_gezind', 'deugd', 'plezant', 'spannend', 'goesting', 'oké', 'rustig', 'gerust_stelling', 'tevreden', 'uit_kijken', 'neutraal', 'nieuwsgierig', 'geluk', 'verliefd', 'geduldig', 'enthousiast', 'opluchting', 'zin', 'zelfvertrouwen']",3.4224647,495,113,"['pittig', 'machteloos', 'rot', 'chaotisch', 'slecht_gezind', 'moeheid', 'stressen', 'ongelukkig', 'aan_doen', 'angst', 'stress_gevoel', 'op_jagen', 'afleiding', 'pijn', 'confronteren', 'negatief', 'ongeluk', 'moedeloos', 'vrezen', 'verschrikkelijk', 'stress', 'onrustigheid', 'vermoeidheid', 'eenzaam', 'vervelend', 'schroom', 'beu', 'verliezen', 'saai', 'teleur_stellen', 'negeren', 'missen', 'wisselvallig', 'frustratie', 'down', 'kapot', 'spijt', 'piekeren', 'gevoelig', 'paranoia', 'achter_laten', 'ongerust', 'labiel', 'erg', 'stressvol', 'raken', 'twijfel', 'prikkelbaar', 'bezorgdheid', 'storen', 'onrustig', 'frustreren', 'vervelen', 'nutteloos', 'moe', 'puzzelen', 'lijden', 'teleur_stelling', 'op_rommelen', 'ergeren', 'haten', 'ambetantigheid', 'vermoeiend', 'honger', 'last', 'verminderen', 'haat', 'zenuwachtig', 'emotioneel', 'schuld_gevoel', 'twijfelen', 'verveeld', 'kop_zorg', 'verlaten', 'isoleren', 'war', 'panikeren', 'kwalijk', 'lastig', 'onzeker', 'angstig', 'zot', 'pusherig', 'onverwacht', 'lui', 'breken', 'gênant', 'beschaamd', 'boos', 'schuldig', 'bezorgen', 'ambetant', 'eenzaamheid', 'onduidelijk', 'kwaad', 'af_wachten', 'verward', 'kwetsen', 'slecht', 'koppig', 'duizeligheid', 'forceren', 'paniek', 'onduidelijkheid', 'verlegenheid', 'verslag', 'reserveren', 'belasten', 'irriteren', 'schrik', 'frustrerend', 'perfectionistisch', 'wrevel']",4.096852061,179508,3.165733333,1.292666667,22.4
!ztxz yava,759,81,"['spontaan', 'gelukkig', 'vertrouwd', 'gemak', 'moed', 'steunen', 'respecteren', 'kracht', 'gezellig', 'warm', 'opgelucht', 'vieren', 'vrij', 'interessant', 'gerust', 'lekker', 'chill', 'cozy', 'relaxed', 'overtuigen', 'zalig', 'benieuwd', 'nuchter', 'goed', 'nice', 'interesse', 'leuk', 'gezond', 'vertrouwen', 'zekerheid', 'fijn', 'aandachtig', 'energie', 'grappig', 'wakker', 'blij', 'excited', 'focus', 'normaal', 'ontspannen', 'lief', 'glorie', 'chillen', 'ça_va', 'amuseren', 'beleven', 'bevestigen', 'liefde', 'hopen', 'happy', 'concentreren', 'prettig', 'interesseren', 'zeker', 'love', 'genieten', 'rust', 'uit_rusten', 'comfortabel', 'verwarmen', 'aangenaam', 'tof', 'positief', 'veilig', 'gerust_stellen', 'bon', 'motiveren', 'deugd', 'plezant', 'spannend', 'goesting', 'oké', 'verzekeren', 'rustig', 'vriendelijk', 'uit_kijken', 'neutraal', 'verliefd', 'enthousiast', 'indrukwekkend', 'zin']",3.409108866,295,90,"['pittig', 'shitty', 'chaotisch', 'schok', 'slecht_gezind', 'stressen', 'ongelukkig', 'verwarrend', 'aan_doen', 'angst', 'op_jagen', 'bang', 'pijn', 'gek', 'confronteren', 'negatief', 'ongeluk', 'schrikken', 'verschrikkelijk', 'verdoven', 'stress', 'verdrietig', 'confronterend', 'vechten', 'gestresseerd', 'misselijkheid', 'kut', 'verliezen', 'saai', 'missen', 'frustratie', 'weg_gooien', 'kapot', 'spijt', 'haastig', 'achter_laten', 'ongerust', 'erg', 'raken', 'dissociëren', 'belachelijk', 'ziek', 'frustreren', 'heftig', 'gevecht', 'vervelen', 'nutteloos', 'moe', 'jagen', 'ergeren', 'vermoeiend', 'laf', 'honger', 'drukken', 'last', 'hart_pijn', 'op_fokken', 'droevig', 'zenuwachtig', 'emotioneel', 'twijfelen', 'panikeren', 'onzeker', 'zot', 'lui', 'breken', 'gênant', 'boos', 'schuldig', 'eng', 'ambetant', 'kwaad', 'af_wachten', 'uitdaging', 'overweldigen', 'spannen', 'uit_sluiten', 'traumatiseren', 'ravage', 'schuld', 'af_leiden', 'kritisch', 'slecht', 'spanning', 'agressie', 'onnozel', 'verslag', 'reserveren', 'schrik', 'frustrerend']",3.935704655,180999,2.54297619,0.862678571,18.8
